"S0003-25732011000300003-prt","Entrevista a António Barreto: por Marina Costa Lobo","Lobo, Marina Costa","Análise Social; (200); 414-429","Análise Social","Português","2011","http://www.scielo.mec.pt/scielo.php?script=sci_arttext&pid=S0003-25732011000300003&lang=pt" 
"S0003-25732011000300004-prt","Entrevista a António Manuel Hespanha: por Pedro Cardim","Cardim, Pedro","Análise Social; (200); 430-445","Análise Social","Português","2011","http://www.scielo.mec.pt/scielo.php?script=sci_arttext&pid=S0003-25732011000300004&lang=pt" 
"S0003-25732011000300005-prt","Entrevista a Eduarda Cruzeiro: por Luísa Schmidt","Schmidt, Luísa","Análise Social; (200); 446-459","Análise Social","Português","2011","http://www.scielo.mec.pt/scielo.php?script=sci_arttext&pid=S0003-25732011000300005&lang=pt" 
"S0003-25732011000300006-prt","Entrevista a Hermínio Martins: por Helena Mateus Jerónimo","Jerónimo, Helena Mateus","Análise Social; (200); 460-483","Análise Social","Português","2011","http://www.scielo.mec.pt/scielo.php?script=sci_arttext&pid=S0003-25732011000300006&lang=pt" 
"S0003-25732011000300007-prt","Entrevista a Jaime Reis: por José Luís Cardoso","Cardoso, José Luís","Análise Social; (200); 484-499","Análise Social","Português","2011","http://www.scielo.mec.pt/scielo.php?script=sci_arttext&pid=S0003-25732011000300007&lang=pt" 
"S0003-25732011000300008-prt","Entrevista a João Ferreira de Almeida: por Renato Miguel do Carmo","Carmo, Renato Miguel do","Análise Social; (200); 500-521","Análise Social","Português","2011","http://www.scielo.mec.pt/scielo.php?script=sci_arttext&pid=S0003-25732011000300008&lang=pt" 
"S0003-25732011000300009-prt","Entrevista a Manuel Villaverde Cabral: por José Neves","Neves, José","Análise Social; (200); 522-537","Análise Social","Português","2011","http://www.scielo.mec.pt/scielo.php?script=sci_arttext&pid=S0003-25732011000300009&lang=pt" 
"S0003-25732011000300010-prt","Entrevista a Maria de Lourdes Lima dos Santos: por Ana Nunes de Almeida","Almeida, Ana Nunes de","Análise Social; (200); 538-551","Análise Social","Português","2011","http://www.scielo.mec.pt/scielo.php?script=sci_arttext&pid=S0003-25732011000300010&lang=pt" 
"S0003-25732011000300011-prt","Entrevista a Maria Filomena Mónica: Por Luísa Schmidt","Schmidt, Luísa","Análise Social; (200); 552-563","Análise Social","Português","2011","http://www.scielo.mec.pt/scielo.php?script=sci_arttext&pid=S0003-25732011000300011&lang=pt" 
"S0003-25732011000300012-prt","Entrevista a Mário Murteira: por José Manuel Rolo","Rolo, José Manuel","Análise Social; (200); 564-573","Análise Social","Português","2011","http://www.scielo.mec.pt/scielo.php?script=sci_arttext&pid=S0003-25732011000300012&lang=pt" 
"S0003-25732011000300013-prt","Entrevista a Miriam Halpern Pereira: por José Vicente Serrão","Serrão, José Vicente","Análise Social; (200); 574-587","Análise Social","Português","2011","http://www.scielo.mec.pt/scielo.php?script=sci_arttext&pid=S0003-25732011000300013&lang=pt" 
"S0003-25732011000300014-prt","Entrevista a Robert Rowland: por Catarina Frois","Frois, Catarina","Análise Social; (200); 588-603","Análise Social","Português","2011","http://www.scielo.mec.pt/scielo.php?script=sci_arttext&pid=S0003-25732011000300014&lang=pt" 
"S0003-25732011000300015-prt","Os trilhos da ciência política portuguesa: uma conversa com David Goldey","Pinto, Pedro Ramos","Análise Social; (200); 605-610","Análise Social","Português","2011","http://www.scielo.mec.pt/scielo.php?script=sci_arttext&pid=S0003-25732011000300015&lang=pt" 
"S0003-25732011000300016-prt","Depoimento de um dos fundadores da Análise Social: Ab initio","Pereira, Raul da Silva","Análise Social; (200); 611-616","Análise Social","Português","2011","http://www.scielo.mec.pt/scielo.php?script=sci_arttext&pid=S0003-25732011000300016&lang=pt" 
"S0003-25732011000300017-prt","Mensagem","Vala, Jorge","Análise Social; (200); 617-618","Análise Social","Português","2011","http://www.scielo.mec.pt/scielo.php?script=sci_arttext&pid=S0003-25732011000300017&lang=pt" 
"S0003-25732011000300001-prt","Comemorando 200 números da Análise Social","Pina-Cabral, João de","Análise Social; (200); 383-387","Análise Social","Português","2011","http://www.scielo.mec.pt/scielo.php?script=sci_arttext&pid=S0003-25732011000300001&lang=pt" 
"S1027-152X2011000400001-mex","Editorial","","Revista Chapingo. Serie horticultura; 17(spe1); 1-1","Revista Chapingo. Serie horticultura","Espanhol","2011","http://www.scielo.org.mx/scielo.php?script=sci_arttext&pid=S1027-152X2011000400001&lang=pt" 
"S1027-152X2011000400010-mex","Efecto del ácido salicílico sobre biomasa, actividad fotosintética, contenido nutricional y productividad del chile jalapeño","Sánchez-Chávez, Esteban, Barrera-Tovar, Ricardo, Muñoz-Márquez, Ezequiel, Ojeda-Barrios, Damaris Leopoldina, Anchondo-Nájera, Álvaro","Revista Chapingo. Serie horticultura; 17(spe1); 63-68","Revista Chapingo. Serie horticultura","Espanhol","2011","http://www.scielo.org.mx/scielo.php?script=sci_arttext&pid=S1027-152X2011000400010&lang=pt" 
"S1027-152X2011000400011-mex","Aplicación de estiércol solarizado al suelo y la producción de chile jalapeño (Capsicum annuum L.)","Vázquez-Vázquez, Cirilo, García-Hernández, José Luis, Salazar-Sosa, Enrique, López-Martínez, José Dimas, Valdez-Cepeda, Ricardo David, Orona-Castillo, Ignacio, Gallegos-Robles, Miguel Ángel, Preciado-Rangel, Pablo","Revista Chapingo. Serie horticultura; 17(spe1); 69-74","Revista Chapingo. Serie horticultura","Espanhol","2011","http://www.scielo.org.mx/scielo.php?script=sci_arttext&pid=S1027-152X2011000400011&lang=pt" 
"S1027-152X2011000400002-mex","Selección de cepas de Bacillus spp. productoras de antiobióticos aisladas de frutos tropicales","Ragazzo-Sánchez, Juan Arturo, Robles-Cabrera, Alejandra, Lomelí-González, Leopoldo, Luna-Solano, Guadalupe, Calderón-Santoyo, Montserrat","Revista Chapingo. Serie horticultura; 17(spe1); 5-11","Revista Chapingo. Serie horticultura","Espanhol","2011","http://www.scielo.org.mx/scielo.php?script=sci_arttext&pid=S1027-152X2011000400002&lang=pt" 
"S1027-152X2011000400003-mex","Biomasa, prolina y parámetros nitrogenados en plántulas de nogal bajo estrés hídrico y fertilización nitrogenada","O-Quezada, Guadalupe Alejandra de la, Ojeda-Barrios, Damaris Leopoldina, Hernández-Rodríguez, Ofelia Adriana, Sánchez-Chávez, Esteban, Martínez-Tellez, Jaime","Revista Chapingo. Serie horticultura; 17(spe1); 13-18","Revista Chapingo. Serie horticultura","Espanhol","2011","http://www.scielo.org.mx/scielo.php?script=sci_arttext&pid=S1027-152X2011000400003&lang=pt" 
"S1027-152X2011000400004-mex","Rendimiento y calidad de chile seco &#039;Mirasol&#039; cultivado bajo riego parcial de la raíz","Serna-Pérez, Alfonso, Zegbe, Jorge Artemio, Mena-Covarrubias, Jaime","Revista Chapingo. Serie horticultura; 17(spe1); 19-24","Revista Chapingo. Serie horticultura","Espanhol","2011","http://www.scielo.org.mx/scielo.php?script=sci_arttext&pid=S1027-152X2011000400004&lang=pt" 
"S1027-152X2011000400005-mex","Desarrollo de plantas de tomate en un sustrato de arena-pómez con tres diferentes frecuencias de riego","Segura-Castruita, Miguel Ángel, Ramírez-Seañez, Ana Rosa, García-Legaspi, Gillermo, Preciado-Rangel, Pablo, García-Hernández, José Luis, Yescas-Coronado, Pablo, Fortis-Hernández, Manuel, Orozco-Vidal, Jorge A., Montemayor-Trejo, José A","Revista Chapingo. Serie horticultura; 17(spe1); 25-31","Revista Chapingo. Serie horticultura","Espanhol","2011","http://www.scielo.org.mx/scielo.php?script=sci_arttext&pid=S1027-152X2011000400005&lang=pt" 
"S1027-152X2011000400006-mex","Aplicación de composta en la producción del nogal pecanero","Zaragoza-Lira, María Monserrat, Preciado-Rangel, Pablo, Figueroa-Viramontes, Uriel, García-Hernández, José Luis, Fortis-Hernández, Manuel, Segura-Castruita, Miguel Ángel, Lagarda-Murrieta, Ángel, Madero-Tamargo, Eduardo","Revista Chapingo. Serie horticultura; 17(spe1); 33-37","Revista Chapingo. Serie horticultura","Espanhol","2011","http://www.scielo.org.mx/scielo.php?script=sci_arttext&pid=S1027-152X2011000400006&lang=pt" 
"S1027-152X2011000400007-mex","Efecto del genotipo y sales de calcio en la calidad de tomates frescos cortados","Contreras-Angulo, Laura Aracely, Heredia, José B., Sánchez-Álvarez, César Enrique, Angulo-Escalante, Miguel Ángel, Villarreal-Romero, Manuel","Revista Chapingo. Serie horticultura; 17(spe1); 39-45","Revista Chapingo. Serie horticultura","Espanhol","2011","http://www.scielo.org.mx/scielo.php?script=sci_arttext&pid=S1027-152X2011000400007&lang=pt" 
"S1027-152X2011000400008-mex","El paclobutrazol como promotor de la floración en mango &#039;manila&#039;, aún sin condiciones ambientales inductivas","Pérez-Barraza, María Hilda, Osuna-García, Jorge Alberto, Sánchez-Lucio, Roberto, Vázquez-Valdivia, Victor","Revista Chapingo. Serie horticultura; 17(spe1); 47-52","Revista Chapingo. Serie horticultura","Espanhol","2011","http://www.scielo.org.mx/scielo.php?script=sci_arttext&pid=S1027-152X2011000400008&lang=pt" 
"S1027-152X2011000400009-mex","Efecto de emulsiones de cera y 1-metilciclopropeno en la conservación poscosecha de guanabana","Tovar-Gómez, Beatriz, Mata-Montes de Oca, Miguel, García-Galindo, Hugo Sergio, Montalvo-González, Efigenia","Revista Chapingo. Serie horticultura; 17(spe1); 53-61","Revista Chapingo. Serie horticultura","Espanhol","2011","http://www.scielo.org.mx/scielo.php?script=sci_arttext&pid=S1027-152X2011000400009&lang=pt" 
"S0718-50732011000100001-chl","Identificación y análisis de patologías en puentes de carreteras urbanas y rurales","Mascia, Nilson Tadeu, Sartorti, Artur Lenz","Revista ingeniería de construcción; 26(1); 05-24","Revista ingeniería de construcción","Inglês, Espanhol","2011","http://www.scielo.cl/scielo.php?script=sci_arttext&pid=S0718-50732011000100001&lang=pt" 
"S0718-50732011000100002-chl","Estudio de la adición de arcillas calcinadas en la durabilidad de hormigones","Castillo Lara, Rancés, Antoni, Mathieu, Alujas Díaz, Adrián, Scrivener, Karen, Martirena Hernández, José Fernando","Revista ingeniería de construcción; 26(1); 25-40","Revista ingeniería de construcción","Inglês, Espanhol","2011","http://www.scielo.cl/scielo.php?script=sci_arttext&pid=S0718-50732011000100002&lang=pt" 
"S0718-50732011000100003-chl","Factores que influyen en la decisión de licitar o no licitar en la Franja de Gaza - perspectivas de los contratistas","Enshassi, Adnan, Mohamed, Sherif, El Karriri, Ala&#039;a","Revista ingeniería de construcción; 26(1); 41-60","Revista ingeniería de construcción","Inglês, Espanhol","2011","http://www.scielo.cl/scielo.php?script=sci_arttext&pid=S0718-50732011000100003&lang=pt" 
"S0718-50732011000100004-chl","Medición e interpretación de vibraciones producidas por el tráfico en Bogotá D.C.","Vacca Gámez, Hermes, Rodríguez, Jorge Alberto, Ruiz Valencia, Daniel","Revista ingeniería de construcción; 26(1); 61-80","Revista ingeniería de construcción","Inglês, Espanhol","2011","http://www.scielo.cl/scielo.php?script=sci_arttext&pid=S0718-50732011000100004&lang=pt" 
"S0718-50732011000100005-chl","Monitoreo mediante EIS del acero embebido en un concreto de escoria activada alcalinamente expuesto a carbonatación","Aperador, Willian, Delgado, Arnoldo, Vera, Enrique","Revista ingeniería de construcción; 26(1); 81-94","Revista ingeniería de construcción","Inglês, Espanhol","2011","http://www.scielo.cl/scielo.php?script=sci_arttext&pid=S0718-50732011000100005&lang=pt" 
"S0718-50732011000100006-chl","Acciones de rehabilitación frente a la entrada de gas radón","Frutos Vázquez, Borja, Olaya Adán, Manuel, Esteban Saiz, José Luis","Revista ingeniería de construcción; 26(1); 95-121","Revista ingeniería de construcción","Inglês, Espanhol","2011","http://www.scielo.cl/scielo.php?script=sci_arttext&pid=S0718-50732011000100006&lang=pt" 
"S1516-05722011000500014-scl","Métodos de secagem e rendimento dos extratos de folhas de Plectranthus barbatus (boldo-da-terra) e P. ornatus (boldo-miúdo)","Rodrigues, T.S., Guimarães, S.F., Rodrigues-Das-Dôres, R.G., Gabriel, J.V.","Revista Brasileira de Plantas Medicinais; 13(spe); 587-590","Revista Brasileira de Plantas Medicinais","Português","2011","http://www.scielo.br/scielo.php?script=sci_arttext&pid=S1516-05722011000500014&lang=pt" 
"S0718-23762011000200001-chl","EDITORIAL","Pinedo C, Francisco Javier","Universum (Talca); 26(2); 7-8","Universum (Talca)","Espanhol","2011","http://www.scielo.cl/scielo.php?script=sci_arttext&pid=S0718-23762011000200001&lang=pt" 
"S0718-23762011000200002-chl","Representaciones e imaginarios perrunos: desde Grecia hasta la Conquista de América","Andrade Kobayashi, Megumi","Universum (Talca); 26(2); 11-48","Universum (Talca)","Espanhol","2011","http://www.scielo.cl/scielo.php?script=sci_arttext&pid=S0718-23762011000200002&lang=pt" 
"S0718-23762011000200003-chl","Los republicanos en armas: los proscritos, el gobierno y la opinión pública ante la Confederación Perú-Boliviana","Arellano G, Juan Carlos","Universum (Talca); 26(2); 49-66","Universum (Talca)","Espanhol","2011","http://www.scielo.cl/scielo.php?script=sci_arttext&pid=S0718-23762011000200003&lang=pt" 
"S0718-23762011000200004-chl","Experiencias de vulnerabilidad: de las estrategias a las tácticas subjetivas","Arteaga A, Catalina, Pérez T, Sonia","Universum (Talca); 26(2); 67-81","Universum (Talca)","Espanhol","2011","http://www.scielo.cl/scielo.php?script=sci_arttext&pid=S0718-23762011000200004&lang=pt" 
"S0718-23762011000200005-chl","El Kemalismo: Un caso de centralitarismo práctico-radical en la disyuntiva identitaria turca Mustafá Kemal Atatürk (1881-1938)","Castro Arcos, Javier","Universum (Talca); 26(2); 83-99","Universum (Talca)","Espanhol","2011","http://www.scielo.cl/scielo.php?script=sci_arttext&pid=S0718-23762011000200005&lang=pt" 
"S0718-23762011000200006-chl","Memorias, mitos y ritos de guerra: el imaginario de la Batalla de Yungay durante la Guerra del Pacífico","Cid Rodríguez, Gabriel","Universum (Talca); 26(2); 101-120","Universum (Talca)","Espanhol","2011","http://www.scielo.cl/scielo.php?script=sci_arttext&pid=S0718-23762011000200006&lang=pt" 
"S0718-23762011000200007-chl","Tipología de prácticas de consumo cultural en Chile a inicios del siglo XXI: mismas desigualdades, prácticas emergentes, nuevos desafíos","Güell Villanueva, Pedro, Morales Olivares, Rommy, Núñez, Tomás Peters","Universum (Talca); 26(2); 121-141","Universum (Talca)","Espanhol","2011","http://www.scielo.cl/scielo.php?script=sci_arttext&pid=S0718-23762011000200007&lang=pt" 
"S0718-23762011000200008-chl","Razonando sobre la idea de diferencia en las políticas educativas chilenas","Infante Jaras, Marta, Matus Cánovas, Claudia, Vizcarra Rebolledo, Ruby","Universum (Talca); 26(2); 143-163","Universum (Talca)","Espanhol","2011","http://www.scielo.cl/scielo.php?script=sci_arttext&pid=S0718-23762011000200008&lang=pt" 
"S0718-23762011000200009-chl","Las viviendas del siglo XIX en Santiago de Chile y la región de Cuyo en Argentina","Manzini M, Lorena","Universum (Talca); 26(2); 165-186","Universum (Talca)","Espanhol","2011","http://www.scielo.cl/scielo.php?script=sci_arttext&pid=S0718-23762011000200009&lang=pt" 
"S0718-23762011000200010-chl","El desarrollo del personal parlamentario chileno, 1834: 1924","Obando Camino, Iván Mauricio","Universum (Talca); 26(2); 187-213","Universum (Talca)","Espanhol","2011","http://www.scielo.cl/scielo.php?script=sci_arttext&pid=S0718-23762011000200010&lang=pt" 
"S0718-23762011000200011-chl","La empresa económica jesuita en el obispado de Concepción: el caso de los colegios San Bartolomé de Chillán y Buena Esperanza","Sánchez Andaur, Raúl","Universum (Talca); 26(2); 215-243","Universum (Talca)","Espanhol","2011","http://www.scielo.cl/scielo.php?script=sci_arttext&pid=S0718-23762011000200011&lang=pt" 
"S0718-23762011000200012-chl","La política de reforma y modernización de la gestión pública en Chile: Actores y procesos","Tello Navarro, Felipe Hernán","Universum (Talca); 26(2); 245-265","Universum (Talca)","Espanhol","2011","http://www.scielo.cl/scielo.php?script=sci_arttext&pid=S0718-23762011000200012&lang=pt" 
"S0718-23762011000200013-chl","De la identidad a la tempestad: A propósito de la filosofía latinoamericana","Alarcón Leiva, Jorge","Universum (Talca); 26(2); 269-276","Universum (Talca)","Espanhol","2011","http://www.scielo.cl/scielo.php?script=sci_arttext&pid=S0718-23762011000200013&lang=pt" 
"S0718-23762011000200014-chl","Una pasión feliz: Discurso al recibir el Premio Iberoamericano de Letras","Ramírez, Sergio, Donoso, José","Universum (Talca); 26(2); 279-285","Universum (Talca)","Espanhol","2011","http://www.scielo.cl/scielo.php?script=sci_arttext&pid=S0718-23762011000200014&lang=pt" 
"S0003-25732011000200011-prt","","Silva, Patrícia Dias da","Análise Social; (199); 370-373","Análise Social","Português","2011","http://www.scielo.mec.pt/scielo.php?script=sci_arttext&pid=S0003-25732011000200011&lang=pt" 
"S0003-25732011000200001-prt","The Axial conundrum between transcendental visions and vicissitudes of their institutionalizations: constructive and destructive possibilities","Eisenstadt, Shmuel N.","Análise Social; (199); 201-217","Análise Social","Inglês","2011","http://www.scielo.mec.pt/scielo.php?script=sci_arttext&pid=S0003-25732011000200001&lang=pt" 
"S0003-25732011000200002-prt","Sobre a noção de “mundo” nos discursos culturais contemporâneos: relações entre universal e diversidade","Nicolau Netto, Michel","Análise Social; (199); 219-236","Análise Social","Português","2011","http://www.scielo.mec.pt/scielo.php?script=sci_arttext&pid=S0003-25732011000200002&lang=pt" 
"S0003-25732011000200003-prt","Imagem e tecnologias visuais em pesquisa social: tendências e desafios","Campos, Ricardo","Análise Social; (199); 237-259","Análise Social","Português","2011","http://www.scielo.mec.pt/scielo.php?script=sci_arttext&pid=S0003-25732011000200003&lang=pt" 
"S0003-25732011000200004-prt","Revisitando a teoria da reprodução: debate teórico e aplicações ao caso português","Abrantes, Pedro","Análise Social; (199); 261-281","Análise Social","Português","2011","http://www.scielo.mec.pt/scielo.php?script=sci_arttext&pid=S0003-25732011000200004&lang=pt" 
"S0003-25732011000200005-prt","Porque o tempo conta: elementos para uma abordagem sociológica da mediação familiar","Araújo, Emília, Rodrigues, Carmen, Fernandes, Helena, Ribeiro, Maria Saldanha","Análise Social; (199); 283-308","Análise Social","Português","2011","http://www.scielo.mec.pt/scielo.php?script=sci_arttext&pid=S0003-25732011000200005&lang=pt" 
"S0003-25732011000200006-prt","Ethiopia ’s nationhood reconsidered","Levine, Donald N.","Análise Social; (199); 311-327","Análise Social","Inglês","2011","http://www.scielo.mec.pt/scielo.php?script=sci_arttext&pid=S0003-25732011000200006&lang=pt" 
"S0003-25732011000200007-prt","Redimensionando o Congo: fronteiras ibéricas da devoção","Cunha, Ana Stela de Almeida, Araújo, Paulo Jeferson Pilar de","Análise Social; (199); 329-346","Análise Social","Português","2011","http://www.scielo.mec.pt/scielo.php?script=sci_arttext&pid=S0003-25732011000200007&lang=pt" 
"S0003-25732011000200008-prt","Salazar: Uma Biografia Política","Loff, Manuel","Análise Social; (199); 349-357","Análise Social","Português","2011","http://www.scielo.mec.pt/scielo.php?script=sci_arttext&pid=S0003-25732011000200008&lang=pt" 
"S0003-25732011000200009-prt","Illiberal Politics in Neoliberal Times: Culture, Security and Populism in the New Europe","Sousa, Luís de, Marchi, Riccardo","Análise Social; (199); 357-364","Análise Social","Inglês","2011","http://www.scielo.mec.pt/scielo.php?script=sci_arttext&pid=S0003-25732011000200009&lang=pt" 
"S0003-25732011000200010-prt","Estudos de Sociologia da Leitura em Portugal no Século XX","Ágoas, Frederico","Análise Social; (199); 364-370","Análise Social","Português","2011","http://www.scielo.mec.pt/scielo.php?script=sci_arttext&pid=S0003-25732011000200010&lang=pt" 
"S0003-25732011000200012-prt","A Chave do Armário: Homossexualidade, Casamento, Família","Moz, Margarida","Análise Social; (199); 374-377","Análise Social","Português","2011","http://www.scielo.mec.pt/scielo.php?script=sci_arttext&pid=S0003-25732011000200012&lang=pt" 
"S1517-70762011000300001-scl","Conteúdo atual publicado na revista Matéria","Miranda, Paulo Emílio Valadão de","Matéria (Rio de Janeiro); 16(3); -","Matéria (Rio de Janeiro)","Inglês, Português, Espanhol","2011","http://www.scielo.br/scielo.php?script=sci_arttext&pid=S1517-70762011000300001&lang=pt" 
"S1517-70762011000300002-scl","Precipitation reaction in alpha-Cu-Al-Ag alloys","Silva, R.A.G., Adorno, A.T., Carvalho, T.M., Magdalena, A.G., Santos, C.M.A.","Matéria (Rio de Janeiro); 16(3); 747-753","Matéria (Rio de Janeiro)","Inglês","2011","http://www.scielo.br/scielo.php?script=sci_arttext&pid=S1517-70762011000300002&lang=pt" 
"S1517-70762011000300004-scl","Modificação da superfície e das propriedades tribológicas do titânio por carbonitretação a plasma","Rocha, R. C. S., Braz, D. C., Barbosa, J. C. P., Nunes Filho, A., Jacobsen, S. D., Vasconcelos, M. A. Z., Alves Jr, C.","Matéria (Rio de Janeiro); 16(3); 768-774","Matéria (Rio de Janeiro)","Português","2011","http://www.scielo.br/scielo.php?script=sci_arttext&pid=S1517-70762011000300004&lang=pt" 
"S1517-70762011000300006-scl","Interfaces fracas em compósitos de matriz cerâmica de alumina/alumina","Hablitzel, M.P., Garcia, D.E., Hotza, D.","Matéria (Rio de Janeiro); 16(3); 788-794","Matéria (Rio de Janeiro)","Português","2011","http://www.scielo.br/scielo.php?script=sci_arttext&pid=S1517-70762011000300006&lang=pt" 
"S0718-95162011000300001-chl","Indole acetic acid and phytase activity produced by rhizosphere bacilli as affected by pH and metals","Acuña, J. J, Jorquera, M.A, Martínez, O. A, Menezes-Blackburn, D, Fernández, M. T, Marschner, P, Greiner, R, Mora, M. L","Journal of soil science and plant nutrition; 11(3); 1-12","Journal of soil science and plant nutrition","Inglês","2011","http://www.scielo.cl/scielo.php?script=sci_arttext&pid=S0718-95162011000300001&lang=pt" 
"S0718-95162011000300002-chl","Determination of hydraulic conductivity and fines content in soils near an unlined irrigation canal in Guasave, Sinaloa, Mexico","Delgado-Rodríguez, O, Peinado-Guevara, H. J, Green-Ruíz, C. R, Herrera-Barrientos, J, Shevnin, V","Journal of soil science and plant nutrition; 11(3); 13-31","Journal of soil science and plant nutrition","Inglês","2011","http://www.scielo.cl/scielo.php?script=sci_arttext&pid=S0718-95162011000300002&lang=pt" 
"S0718-95162011000300003-chl","Effects of the incorporation of biosolids on soil quality: temporal evolution in a degraded inceptisol (typic endoaquepts)","Sepúlveda-Varas, A, Inostroza, C, Encina-Montoya, F","Journal of soil science and plant nutrition; 11(3); 33-44","Journal of soil science and plant nutrition","Inglês","2011","http://www.scielo.cl/scielo.php?script=sci_arttext&pid=S0718-95162011000300003&lang=pt" 
"S0718-95162011000300004-chl","Effects of soil amendments on the nutritional quality of okra (Abelmoschus esculentus [L.]Moench)","Adewole, M. B, Ilesanmi, A. O","Journal of soil science and plant nutrition; 11(3); 45-55","Journal of soil science and plant nutrition","Inglês","2011","http://www.scielo.cl/scielo.php?script=sci_arttext&pid=S0718-95162011000300004&lang=pt" 
"S0718-95162011000300005-chl","Use of molecular biomarkers in Eisenia foetida to assess copper toxicity in agricultural soils affected by mining activities","Cataldo R, J, Hidalgo L, M. E, Neaman, A, Gaete O, H","Journal of soil science and plant nutrition; 11(3); 57-70","Journal of soil science and plant nutrition","Inglês","2011","http://www.scielo.cl/scielo.php?script=sci_arttext&pid=S0718-95162011000300005&lang=pt" 
"S0718-52002011000100001-chl","PRESENTACIÓN","","Estudios constitucionales; 9(1); 9-10","Estudios constitucionales","Espanhol","2011","http://www.scielo.cl/scielo.php?script=sci_arttext&pid=S0718-52002011000100001&lang=pt" 
"S0718-52002011000100002-chl","PRIVACIDAD, TRABAJO Y DERECHOS FUNDAMENTALES","Ugarte Cataldo, José Luis","Estudios constitucionales; 9(1); 13-36","Estudios constitucionales","Espanhol","2011","http://www.scielo.cl/scielo.php?script=sci_arttext&pid=S0718-52002011000100002&lang=pt" 
"S0718-52002011000100003-chl","EL DERECHO A LA VIDA Y EL DERECHO A LA PROTECCIÓN DE LA SALUD EN LA CONSTITUCIÓN: UNA RELACIÓN NECESARIA","Zúñiga Fajuri, Alejandra","Estudios constitucionales; 9(1); 37-64","Estudios constitucionales","Espanhol","2011","http://www.scielo.cl/scielo.php?script=sci_arttext&pid=S0718-52002011000100003&lang=pt" 
"S0718-52002011000100004-chl","LOS DERECHOS ECONÓMICOS, SOCIALES Y CULTURALES Y LA JUSTICIA CONSTITUCIONAL LATINOAMERICANA: TENDENCIAS JURISPRUDENCIALES","Nash Rojas, Claudio","Estudios constitucionales; 9(1); 65-118","Estudios constitucionales","Espanhol","2011","http://www.scielo.cl/scielo.php?script=sci_arttext&pid=S0718-52002011000100004&lang=pt" 
"S0718-52002011000100005-chl","EL USO DEL POSTULADO DE PROPORCIONALIDAD EN LA JURISPRUDENCIA DE LA CORTE INTERAMERICANA DE DERECHOS HUMANOS SOBRE LIBERTAD DE EXPRESIÓN","Nogueira Alcalá, Humberto","Estudios constitucionales; 9(1); 119-156","Estudios constitucionales","Espanhol","2011","http://www.scielo.cl/scielo.php?script=sci_arttext&pid=S0718-52002011000100005&lang=pt" 
"S0718-52002011000100006-chl","LA IGUALDAD COMO REDISTRIBUCIÓN Y COMO RECONOCIMIENTO: DERECHOS DE LOS PUEBLOS INDÍGENAS Y CORTE INTERAMERICANA DE DERECHOS HUMANOS","Clérico, Laura, Aldao, Martín","Estudios constitucionales; 9(1); 157-198","Estudios constitucionales","Espanhol","2011","http://www.scielo.cl/scielo.php?script=sci_arttext&pid=S0718-52002011000100006&lang=pt" 
"S0718-52002011000100007-chl","EL PRINCIPIO DE RAZONABILIDAD EN LA JURISPRUDENCIA DEL TRIBUNAL CONSTITUCIONAL","Martínez, José Ignacio, Zúñiga Urbina, Francisco","Estudios constitucionales; 9(1); 199-226","Estudios constitucionales","Espanhol","2011","http://www.scielo.cl/scielo.php?script=sci_arttext&pid=S0718-52002011000100007&lang=pt" 
"S0718-52002011000100008-chl","LA INELEGIBILIDAD DEL ANALFABETO EN BRASIL: POR UNA LECTURA MÁS DEMOCRÁTICA","Sant&#039;Ana Pedra, Adriano","Estudios constitucionales; 9(1); 227-244","Estudios constitucionales","Espanhol","2011","http://www.scielo.cl/scielo.php?script=sci_arttext&pid=S0718-52002011000100008&lang=pt" 
"S0718-52002011000100009-chl","APROXIMACIÓN HISTÓRICA AL TRATAMIENTO JURÍDICO Y SOCIAL DADO A LA HOMOSEXUALIDAD EN EUROPA","Martín Sánchez, María","Estudios constitucionales; 9(1); 245-276","Estudios constitucionales","Espanhol","2011","http://www.scielo.cl/scielo.php?script=sci_arttext&pid=S0718-52002011000100009&lang=pt" 
"S0718-52002011000100010-chl","VIGENCIA DEL DOGMA DE LA IRRESPONSABILIDAD DEL ESTADO LEGISLADOR EN EL ESTADO CONSTITUCIONAL DE DERECHO: ENSAYANDO BASES PARA UNA TEORÍA SOBRE LA RESPONSABILIDAD PATRIMONIAL DEL ESTADO LEGISLADOR","Núñez Leiva, J. Ignacio","Estudios constitucionales; 9(1); 277-300","Estudios constitucionales","Espanhol","2011","http://www.scielo.cl/scielo.php?script=sci_arttext&pid=S0718-52002011000100010&lang=pt" 
"S0718-52002011000100011-chl","EL SISTEMA DE JUSTICIA CONSTITUCIONAL EN LA REPÚBLICA DOMINICANA Y LA LEY ORGÁNICA DEL TRIBUNAL CONSTITUCIONAL Y DE LOS PROCEDIMIENTOS CONSTITUCIONALES (2011)","Brewer-Carías, Allan R","Estudios constitucionales; 9(1); 303-338","Estudios constitucionales","Espanhol","2011","http://www.scielo.cl/scielo.php?script=sci_arttext&pid=S0718-52002011000100011&lang=pt" 
"S0718-52002011000100012-chl","INFORME PERICIAL CASO LÓPEZ MENDOZA VS. VENEZUELA DE DR. HUMBERTO NOGUEIRA ALCALÁ","Nogueira Alcalá, Humberto","Estudios constitucionales; 9(1); 339-362","Estudios constitucionales","Espanhol","2011","http://www.scielo.cl/scielo.php?script=sci_arttext&pid=S0718-52002011000100012&lang=pt" 
"S0718-52002011000100013-chl","LA SENTENCIA DEL TRIBUNAL CONSTITUCIONAL ESPAÑOL SOBRE EL ESTATUTO DE AUTONOMÍA DE CATALUÑA","Carrillo, Marc","Estudios constitucionales; 9(1); 365-388","Estudios constitucionales","Espanhol","2011","http://www.scielo.cl/scielo.php?script=sci_arttext&pid=S0718-52002011000100013&lang=pt" 
"S0718-52002011000100014-chl","CONTROL DE CONSTITUCIONALIDAD DE AUTOS ACORDADOS","Zúñiga Urbina, Francisco","Estudios constitucionales; 9(1); 389-418","Estudios constitucionales","Espanhol","2011","http://www.scielo.cl/scielo.php?script=sci_arttext&pid=S0718-52002011000100014&lang=pt" 
"S0718-52002011000100015-chl","NÚÑEZ POBLETE, MANUEL (DIRECTOR)","Delpiano Lira, Cristián","Estudios constitucionales; 9(1); 421-424","Estudios constitucionales","Espanhol","2011","http://www.scielo.cl/scielo.php?script=sci_arttext&pid=S0718-52002011000100015&lang=pt" 
"S0718-95162011000300006-chl","Response of &quot;Jonagold&quot; apple trees to Ca, K and Mg fertilization in an andisol in southern Chile","von Bennewitz, E, Cooper, T, Benavides, C, Losak, T, Hlusek, J","Journal of soil science and plant nutrition; 11(3); 71-81","Journal of soil science and plant nutrition","Inglês","2011","http://www.scielo.cl/scielo.php?script=sci_arttext&pid=S0718-95162011000300006&lang=pt" 
"S0718-95162011000300007-chl","Effects of adsorption on degradation and bioavailability of metolachlor in soil","Wu, X.M, Li, M, Long, Y.H, Liu, R.X, Yu, Y.L, Fang, H, Li, S.N","Journal of soil science and plant nutrition; 11(3); 83-97","Journal of soil science and plant nutrition","Inglês","2011","http://www.scielo.cl/scielo.php?script=sci_arttext&pid=S0718-95162011000300007&lang=pt" 
"S0718-95162011000300008-chl","The effects of CaCO3 on adsorption, immobilization and activity of cellulase in a decarbonated soil","Safari-Sinegani, A.A, Safari-Sinegani, M","Journal of soil science and plant nutrition; 11(3); 99-109","Journal of soil science and plant nutrition","Inglês","2011","http://www.scielo.cl/scielo.php?script=sci_arttext&pid=S0718-95162011000300008&lang=pt" 
"S0718-95162011000300009-chl","Biochemical and microbiological properties of Argentinean Patagonia soil with implanted forest species","Defrieri, R.L, Sarti, G, Tortarolo, M.F, Escobar-Ortega, J, García de Salamone, I, D&#039;Auria, F, Effron, D","Journal of soil science and plant nutrition; 11(3); 111-124","Journal of soil science and plant nutrition","Inglês","2011","http://www.scielo.cl/scielo.php?script=sci_arttext&pid=S0718-95162011000300009&lang=pt" 
"S0718-95162011000300010-chl","Spatial distribution of copper, organic matter and pH in agricultural soils affected by mining activities","Aguilar, R, Hormazábal, C, Gaete, H, Neaman, A","Journal of soil science and plant nutrition; 11(3); 125-145","Journal of soil science and plant nutrition","Inglês","2011","http://www.scielo.cl/scielo.php?script=sci_arttext&pid=S0718-95162011000300010&lang=pt" 
"S0718-95162011000400001-chl","Selenium uptake and its antioxidant role in ryegrass cultivars as affected by selenite seed pelletization","Cartes, P, Gianfreda, L, Paredes, C, Mora, M.L","Journal of soil science and plant nutrition; 11(4); 1-14","Journal of soil science and plant nutrition","Inglês","2011","http://www.scielo.cl/scielo.php?script=sci_arttext&pid=S0718-95162011000400001&lang=pt" 
"S0718-95162011000400002-chl","Soil properties and grape yield affected by rock biofertilisers with earthworm compound","Pereira-Stamford, N, Pereira-Andrade, I, da Silva-Junior, S, Lira-Junior, M, Silva-Santos, C, Santiago de Freitas, A, Van-Straaten, P","Journal of soil science and plant nutrition; 11(4); 15-25","Journal of soil science and plant nutrition","Inglês","2011","http://www.scielo.cl/scielo.php?script=sci_arttext&pid=S0718-95162011000400002&lang=pt" 
"S0718-95162011000400003-chl","Effects of grazing on the soil properties and C and N storage in relation to biomass allocation in an alpine meadow","Wei, Li, Hai-Zhou, Huang, Zhi-Nan, Zhang, Gao-Lin, Wu","Journal of soil science and plant nutrition; 11(4); 27-39","Journal of soil science and plant nutrition","Inglês","2011","http://www.scielo.cl/scielo.php?script=sci_arttext&pid=S0718-95162011000400003&lang=pt" 
"S0718-95162011000400004-chl","Organic matter distribution in aggregate sizes of a mollisol under contrasting management","Mandiola, M, Studdert, G.A, Domínguez, G.F, Videla, C.C","Journal of soil science and plant nutrition; 11(4); 41-57","Journal of soil science and plant nutrition","Inglês","2011","http://www.scielo.cl/scielo.php?script=sci_arttext&pid=S0718-95162011000400004&lang=pt" 
"S0718-95162011000400005-chl","Calcium sulfate ameliorates the effect of aluminum toxicity differentially in genotypes of highbush blueberry (Vaccinium corymbosum L.)","Reyes-Díaz, M, Meriño-Gergichevich, C, Alarcón, E, Alberdi, M, Horst, W.J","Journal of soil science and plant nutrition; 11(4); 59-78","Journal of soil science and plant nutrition","Inglês","2011","http://www.scielo.cl/scielo.php?script=sci_arttext&pid=S0718-95162011000400005&lang=pt" 
"S0718-95162011000400006-chl","Nutrient uptake by grape in a Brazilian soil affected by rock biofertilizer","Stamford, N.P, Andrade, I.P, S. da Silva, Junior, M.A. Lira, Junior, Silva Santos, C.E. de Rosália e, de Freitas, A.D. Santiago, Straaten, P. Van","Journal of soil science and plant nutrition; 11(4); 79-88","Journal of soil science and plant nutrition","Inglês","2011","http://www.scielo.cl/scielo.php?script=sci_arttext&pid=S0718-95162011000400006&lang=pt" 
"S0718-95162011000400007-chl","Screening, evaluation and selection ofphosphate-solubilising fungi as potential biofertiliser","Morales, A, Alvear, M, Valenzuela, E, Castillo, C.E, Borie, F","Journal of soil science and plant nutrition; 11(4); 89-103","Journal of soil science and plant nutrition","Inglês","2011","http://www.scielo.cl/scielo.php?script=sci_arttext&pid=S0718-95162011000400007&lang=pt" 
"S0718-95162011000400008-chl","Comparative effects of organic and conventional apple orchard management on soil chemical properties and plant mineral content under Mediterranean climate conditions","Gasparatos, D, Roussos, P.A, Christofilopoulou, E, Haidouti, C","Journal of soil science and plant nutrition; 11(4); 105-117","Journal of soil science and plant nutrition","Inglês","2011","http://www.scielo.cl/scielo.php?script=sci_arttext&pid=S0718-95162011000400008&lang=pt" 
"S0718-95162011000400009-chl","Tolerance to iron chlorosis in non-grafted quince seedlings and in pear grafted onto quince plants","Prado, R.M, Alcantara-Vara, E","Journal of soil science and plant nutrition; 11(4); 119-128","Journal of soil science and plant nutrition","Inglês","2011","http://www.scielo.cl/scielo.php?script=sci_arttext&pid=S0718-95162011000400009&lang=pt" 
"S0718-95162011000400010-chl","Effects of topsoil loss on wheat productivity in dryland zones of Chile","Brunel, N, Meza, F, Ros, R, Santibáñez, F","Journal of soil science and plant nutrition; 11(4); 129-137","Journal of soil science and plant nutrition","Inglês","2011","http://www.scielo.cl/scielo.php?script=sci_arttext&pid=S0718-95162011000400010&lang=pt" 
"S1516-05722011000500015-scl","Época de colheita e qualidade fisiológica de sementes de coentro produzidas no norte de Minas Gerais","Sousa, T.V., Alkimim, E.R., David, A.M.S.S., Sá, J.R., Pereira, G.A., Amaro, H.T.R., Mota, W.F.","Revista Brasileira de Plantas Medicinais; 13(spe); 591-597","Revista Brasileira de Plantas Medicinais","Português","2011","http://www.scielo.br/scielo.php?script=sci_arttext&pid=S1516-05722011000500015&lang=pt" 
"S1516-05722011000500011-scl","Caracterização de frutos e sementes em acessos de maracujá silvestre (Passiflora foetida L.)","Soares, W.S., Rêgo, M.M., Rêgo, E.R., Barroso, P.A., Medeiros, L.R.N.","Revista Brasileira de Plantas Medicinais; 13(spe); 569-573","Revista Brasileira de Plantas Medicinais","Português","2011","http://www.scielo.br/scielo.php?script=sci_arttext&pid=S1516-05722011000500011&lang=pt" 
"S1516-05722011000500021-scl","Densidade de plantio e idade de colheita de quebra-pedra [Phyllanthus amarus (Schumach. &amp; Thonning) genótipo Unicamp-CPQBA 14] na produtividade de filantina","Maia-Almeida, C.I., Ming, L.C., Marques, M.O.M., Magalhães, P.M., Queiroz, S.C.N., Scramim, S., Mischan, M.M., Montanari-Jr, I., Pereira, B., Ferreira, M.I.","Revista Brasileira de Plantas Medicinais; 13(spe); 633-641","Revista Brasileira de Plantas Medicinais","Português","2011","http://www.scielo.br/scielo.php?script=sci_arttext&pid=S1516-05722011000500021&lang=pt" 
"S0718-090X2011000200001-chl","REFORMANDO REGLAS ELECTORALES: LA CÉDULA ÚNICA Y LOS PACTOS ELECTORALES EN CHILE (1958-1962)","GAMBOA VALENZUELA, RICARDO","Revista de ciencia política (Santiago); 31(2); 159-186","Revista de ciencia política (Santiago)","Espanhol","2011","http://www.scielo.cl/scielo.php?script=sci_arttext&pid=S0718-090X2011000200001&lang=pt" 
"S0718-090X2011000200002-chl","EL MAPU Y EL ROL TRANSFORMADOR DE LAS ÉLITES ILUMINISTAS: REVOLUCIÓN, PRAGMATISMO Y DISIDENCIA","VALENZUELA VAN TREEK, ESTEBAN","Revista de ciencia política (Santiago); 31(2); 187-206","Revista de ciencia política (Santiago)","Espanhol","2011","http://www.scielo.cl/scielo.php?script=sci_arttext&pid=S0718-090X2011000200002&lang=pt" 
"S0718-090X2011000200003-chl","CHILE&#039;S RUSH TO FREE TRADE AGREEMENTS","WEHNER, LESLIE","Revista de ciencia política (Santiago); 31(2); 207-226","Revista de ciencia política (Santiago)","Inglês","2011","http://www.scielo.cl/scielo.php?script=sci_arttext&pid=S0718-090X2011000200003&lang=pt" 
"S0718-090X2011000200004-chl","CONSENSOS FRACTURADOS: HEGEMONÍA Y TEORÍA DE LA ARGUMENTACIÓN","RAMÍREZ, CARLOS ANDRÉS","Revista de ciencia política (Santiago); 31(2); 227-245","Revista de ciencia política (Santiago)","Espanhol","2011","http://www.scielo.cl/scielo.php?script=sci_arttext&pid=S0718-090X2011000200004&lang=pt" 
"S0718-090X2011000200005-chl","PODER Y DEMOCRACIA EN CLAUDE LEFORT","GUTIÉRREZ, FERNANDO","Revista de ciencia política (Santiago); 31(2); 247-266","Revista de ciencia política (Santiago)","Espanhol","2011","http://www.scielo.cl/scielo.php?script=sci_arttext&pid=S0718-090X2011000200005&lang=pt" 
"S0718-090X2011000200006-chl","LA COOPERACIÓN ENTRE NORUEGA Y LA UNIÓN EUROPEA Y LA SEGURIDAD INTERNACIONAL","SANTOS VIEIRA DE JESUS, DIEGO, AZEVEDO CORREA, KIM","Revista de ciencia política (Santiago); 31(2); 267-284","Revista de ciencia política (Santiago)","Espanhol","2011","http://www.scielo.cl/scielo.php?script=sci_arttext&pid=S0718-090X2011000200006&lang=pt" 
"S0718-090X2011000200007-chl","EL SECRETO DE MI ÉXITO: PARTE II. LOS CAMINOS A VALPARAÍSO EN 2009","GIANNINI, PILAR, BAHAMONDE, HÉCTOR, LUNA, JUAN PABLO, LÓPEZ, RODOLFO, ORDÓÑEZ ASTETE, MARTÍN, RECART, GONZALO","Revista de ciencia política (Santiago); 31(2); 285-310","Revista de ciencia política (Santiago)","Espanhol","2011","http://www.scielo.cl/scielo.php?script=sci_arttext&pid=S0718-090X2011000200007&lang=pt" 
"S0718-090X2011000200008-chl","","POBLETE, MARIO EDUARDO","Revista de ciencia política (Santiago); 31(2); 311-316","Revista de ciencia política (Santiago)","Espanhol","2011","http://www.scielo.cl/scielo.php?script=sci_arttext&pid=S0718-090X2011000200008&lang=pt" 
"S0717-73562011000300001-chl","LEWIS ROBERTS BINFORD","Borrero, Luis Alberto","Chungará (Arica); 43(especial); 1-1","Chungará (Arica)","Espanhol","2011","http://www.scielo.cl/scielo.php?script=sci_arttext&pid=S0717-73562011000300001&lang=pt" 
"S0717-73562011000300002-chl","Quebrada de los burros: Los primeros pescadores del litoral pacífico en el extremo sur peruano","Lavallée, Danièle, Julien, Michèle, Béarez, Philippe, Bolaños, Aldo, Carré, Matthieu, Chevalier, Alexandre, Delabarde, Tania, Fontugne, Michel, Rodríguez-Loredo, Cecilia, Klaric, Laurent, Usselmann, Pierre, Vanhaeren, Marian","Chungará (Arica); 43(especial); 333-351","Chungará (Arica)","Espanhol","2011","http://www.scielo.cl/scielo.php?script=sci_arttext&pid=S0717-73562011000300002&lang=pt" 
"S0717-73562011000300003-chl","OCUPACIÓN HUMANA PLEISTOCÉNICA EN EL DESIERTO DE ATACAMA: PRIMEROS RESULTADOS DE LA APLICACIÓN DE UN MODELO PREDICTIVO DE INVESTIGACIÓN INTERDISCIPLINARIA","Santoro, Calogero M, Ugalde, Paula C, Latorre, Claudio, Salas, Carolina, Osorio, Daniela, Jackson, Donald, Gayó, Eugenia","Chungará (Arica); 43(especial); 353-366","Chungará (Arica)","Espanhol","2011","http://www.scielo.cl/scielo.php?script=sci_arttext&pid=S0717-73562011000300003&lang=pt" 
"S0717-73562011000300004-chl","Cultural dynamics, climate, and landscape in the South-Central Andes during the mid-late holocene: A consideration of two socio-natural perspectives","Craig, Nathan","Chungará (Arica); 43(especial); 367-391","Chungará (Arica)","Inglês","2011","http://www.scielo.cl/scielo.php?script=sci_arttext&pid=S0717-73562011000300004&lang=pt" 
"S0717-73562011000300005-chl","ARQUEOLOGÍA DE LAS OCUPACIONES CAZADORAS-RECOLECTORAS DE FINES DEL HOLOCENO MEDIO DE ANTOFAGASTA DE LA SIERRA (PUNA MERIDIONAL ARGENTINA)","Aschero, Carlos Alberto, Hocsman, Salomón","Chungará (Arica); 43(especial); 393-411","Chungará (Arica)","Espanhol","2011","http://www.scielo.cl/scielo.php?script=sci_arttext&pid=S0717-73562011000300005&lang=pt" 
"S0717-73562011000300006-chl","CAZADORES-RECOLECTORES DE LOS ANDES CENTRO-SUR Y PROCESAMIENTO VEGETAL: UNA DISCUSIÓN DESDE LA PUNA MERIDIONAL ARGENTINA (CA. 7.000-3.200 AÑOS A.P.)","Babot, María del Pilar","Chungará (Arica); 43(especial); 413-432","Chungará (Arica)","Espanhol","2011","http://www.scielo.cl/scielo.php?script=sci_arttext&pid=S0717-73562011000300006&lang=pt" 
"S0717-73562011000300007-chl","CAZADORES RECOLECTORES DEL PERIODO ARCAICO EN LOS VALLES Y SERRANÍAS DE LA REGIÓN DE SAN LUCAS, CHUQUISACA, BOLIVIA","Rivera Casanovas, Claudia, Calla Maldonado, Sergio","Chungará (Arica); 43(especial); 433-454","Chungará (Arica)","Espanhol","2011","http://www.scielo.cl/scielo.php?script=sci_arttext&pid=S0717-73562011000300007&lang=pt" 
"S0717-73562011000300008-chl","TECNOLOGÍA LÍTICA Y ESTRATEGIAS DE SUBSISTENCIA DURANTE LOS PERÍODOS ARCAICO Y FORMATIVO EN EL ALTIPLANO CENTRAL, BOLIVIA","Capriles, José M, Calla Maldonado, Sergio, Albarracín-Jordán, Juan","Chungará (Arica); 43(especial); 455-468","Chungará (Arica)","Espanhol","2011","http://www.scielo.cl/scielo.php?script=sci_arttext&pid=S0717-73562011000300008&lang=pt" 
"S0717-73562011000300009-chl","Persistencia de la tradición pescadora recolectora en la costa de Arica: Identificación de rasgos culturales y discusión sobre su alcance en el contexto de las poblaciones agrícolas tempranas","Muñoz Ovalle, Iván","Chungará (Arica); 43(especial); 469-485","Chungará (Arica)","Espanhol","2011","http://www.scielo.cl/scielo.php?script=sci_arttext&pid=S0717-73562011000300009&lang=pt" 
"S0717-73562011000300010-chl","EL TRÁNSITO ARCAICO-FORMATIVO EN LA CIRCUMPUNA Y VALLES OCCIDENTALES DEL CENTRO SUR ANDINO: HACIA LOS CAMBIOS &quot;NEOLÍTICOS&quot;","Núñez, Lautaro, Santoro, Calogero M","Chungará (Arica); 43(especial); 487-530","Chungará (Arica)","Espanhol","2011","http://www.scielo.cl/scielo.php?script=sci_arttext&pid=S0717-73562011000300010&lang=pt" 
"S0717-73562011000300011-chl","Reflexiones para avanzar en los estudios del período arcaico en Los Andes centro -sur","Aldenderfer, Mark S, Flores Blanco, Luis","Chungará (Arica); 43(especial); 531-550","Chungará (Arica)","Espanhol","2011","http://www.scielo.cl/scielo.php?script=sci_arttext&pid=S0717-73562011000300011&lang=pt" 
"S0717-73562011000300012-chl","EL GORRO TRONCOCÓNICO O CHUCU Y LA PRESENCIA DE POBLACIÓN ALTIPLÁNICA EN EL NORTE DE CHILE DURANTE EL PERIODO TARDÍO (CA. 1.470-1.536 D.C.)","Horta Tricallotis, Helena","Chungará (Arica); 43(especial); 551-580","Chungará (Arica)","Espanhol","2011","http://www.scielo.cl/scielo.php?script=sci_arttext&pid=S0717-73562011000300012&lang=pt" 
"S0717-73562011000300013-chl","ANÁLISIS PALEOPARASITOLÓGICO DE LA MUSCULATURA ESQUELÉTICA DE LA MOMIA DEL CERRO EL PLOMO, CHILE: TRICHINELLA SP","Rodríguez, Héctor, Noemí, Isabel, Cerva, José Luis, Espinoza-Navarro, Omar, Castro, María Eugenia, Castro, Mario","Chungará (Arica); 43(especial); 581-588","Chungará (Arica)","Espanhol","2011","http://www.scielo.cl/scielo.php?script=sci_arttext&pid=S0717-73562011000300013&lang=pt" 
"S0717-73562011000300014-chl","SABERES Y PRÁCTICAS PESQUERO-ARTESANALES: COTIDIANEIDADES Y DESARROLLO EN LAS CALETAS DE GUABÚN Y PUÑIHUIL, ISLA DE CHILOÉ","Gajardo Cortés, Claudio, Ther Ríos, Francisco","Chungará (Arica); 43(especial); 589-605","Chungará (Arica)","Espanhol","2011","http://www.scielo.cl/scielo.php?script=sci_arttext&pid=S0717-73562011000300014&lang=pt" 
"S0717-73562011000300015-chl","Moche. Cosmología y Sociedad: Una Interpretación Iconográfica Jürgen Golte","Loza, Carmen Beatriz","Chungará (Arica); 43(especial); 607-608","Chungará (Arica)","Espanhol","2011","http://www.scielo.cl/scielo.php?script=sci_arttext&pid=S0717-73562011000300015&lang=pt" 
"S0717-73562011000300016-chl","Develando Órdenes y Desatando Sentidos. Un Atado de Remedios de la Cultura Tiwanaku","Bisonard, Rosana Patricia","Chungará (Arica); 43(especial); 609-610","Chungará (Arica)","Espanhol","2011","http://www.scielo.cl/scielo.php?script=sci_arttext&pid=S0717-73562011000300016&lang=pt" 
"S1677-04202011000400002-scl","Effects of hydric deficiency on gas exchange parameters and metabolism of Eucalyptus grandis clones","Coscolin, Renata B. S., Broetto, Fernando, Marchese, José A., Campohermoso, Marco C., Paladini, Marcos V.","Brazilian Journal of Plant Physiology; 23(4); 255-262","Brazilian Journal of Plant Physiology","Inglês","2011","http://www.scielo.br/scielo.php?script=sci_arttext&pid=S1677-04202011000400002&lang=pt" 
"S1677-04202011000400003-scl","Foliar application of Burkholderia sp. strain TNAU-1 leads to activation of defense responses in chilli (Capsicum annuum L.)","Madhavan, Srinivasan, Paranidharan, Vaikuntavasan, Velazhahan, Rethinasam","Brazilian Journal of Plant Physiology; 23(4); 261-266","Brazilian Journal of Plant Physiology","Inglês","2011","http://www.scielo.br/scielo.php?script=sci_arttext&pid=S1677-04202011000400003&lang=pt" 
"S1677-04202011000400004-scl","Effects of in vitro triacontanol on growth, antioxidant enzymes, and photosynthetic characteristics in Arachis hypogaea L.","Verma, Aman, Malik, Chander Parkash, Gupta, Vijay Kumar, Bajaj, Bhavneet Kaur","Brazilian Journal of Plant Physiology; 23(4); 271-277","Brazilian Journal of Plant Physiology","Inglês","2011","http://www.scielo.br/scielo.php?script=sci_arttext&pid=S1677-04202011000400004&lang=pt" 
"S1677-04202011000400005-scl","Thinning with NAA, NAD, ethephon, urea and by hand to improve fruit quality of &#039;Gerdi&#039; apricot","Taghipour, Leila, Rahemi, Majid, Assar, Pedram","Brazilian Journal of Plant Physiology; 23(4); 279-284","Brazilian Journal of Plant Physiology","Inglês","2011","http://www.scielo.br/scielo.php?script=sci_arttext&pid=S1677-04202011000400005&lang=pt" 
"S1677-04202011000400009-scl","Oleoresin yield of Pinus elliottii Engelm seedlings","Ferreira, Alfredo Gui, Fior, Claudimar Sidnei, Gualtieri, Sonia Cristina Juliano","Brazilian Journal of Plant Physiology; 23(4); 313-316","Brazilian Journal of Plant Physiology","Inglês","2011","http://www.scielo.br/scielo.php?script=sci_arttext&pid=S1677-04202011000400009&lang=pt" 
"S1677-04202011000400001-scl","Chlorophyll a fluorescence as indicative of the salt stress on Brassica napus L.","Bacarin, Marcos Antonio, Deuner, Sidnei, Silva, Fabio Sergio Paulino da, Cassol, Daniela, Silva, Diolina Moura","Brazilian Journal of Plant Physiology; 23(4); 245-253","Brazilian Journal of Plant Physiology","Inglês","2011","http://www.scielo.br/scielo.php?script=sci_arttext&pid=S1677-04202011000400001&lang=pt" 
"S1677-04202011000400006-scl","Effect of Phytoaccumulation of Arsenic and Chromium on Structural and Ultrastructural Changes of Brake Fern (Pteris vittata)","Sridhar, Balaji B. Maruthi, Han, Fengxiang X., Diehl, Susan V., Monts, David L., Su, Yi","Brazilian Journal of Plant Physiology; 23(4); 285-293","Brazilian Journal of Plant Physiology","Inglês","2011","http://www.scielo.br/scielo.php?script=sci_arttext&pid=S1677-04202011000400006&lang=pt" 
"S1677-04202011000400007-scl","Relationship between photochemical efficiency (JIP-Test Parameters) and portable chlorophyll meter readings in papaya plants","Castro, Fernanda Assumpção, Campostrini, Eliemar, Torres Netto, Alena, Viana, Leandro Hespanhol","Brazilian Journal of Plant Physiology; 23(4); 295-304","Brazilian Journal of Plant Physiology","Inglês","2011","http://www.scielo.br/scielo.php?script=sci_arttext&pid=S1677-04202011000400007&lang=pt" 
"S1677-04202011000400008-scl","Ecophysiological studies of two andean forest contrasting species Abatia parviflora and Myrcianthes leucoxyla under Bogotá conditions, Colombia","Colmenares-Trejos, Sara L., Melgarejo, Luz Marina, Romero A., Hernán Mauricio","Brazilian Journal of Plant Physiology; 23(4); 305-312","Brazilian Journal of Plant Physiology","Inglês","2011","http://www.scielo.br/scielo.php?script=sci_arttext&pid=S1677-04202011000400008&lang=pt" 
"S0049-34492011000300001-chl","Hagiografía, milagros y providencia: fundamentos teológico-históricos de la Historia Francorum de Gregorio de Tours (siglo VI)","Aguirre Durán, Marcelo E","Teología y vida; 52(4); 599-623","Teología y vida","Espanhol","2011","http://www.scielo.cl/scielo.php?script=sci_arttext&pid=S0049-34492011000300001&lang=pt" 
"S0049-34492011000300002-chl","Una propuesta de antropología teológica en castillo interior de Santa Teresa de Ávila","Serrano Pérez, Agustina","Teología y vida; 52(4); 625-645","Teología y vida","Espanhol","2011","http://www.scielo.cl/scielo.php?script=sci_arttext&pid=S0049-34492011000300002&lang=pt" 
"S0049-34492011000300003-chl","Una mirada al Concilio: Desde la recepción de su antropología en los sínodos de Temuco","Zolezzi C, Tibaldo","Teología y vida; 52(4); 647-674","Teología y vida","Espanhol","2011","http://www.scielo.cl/scielo.php?script=sci_arttext&pid=S0049-34492011000300003&lang=pt" 
"S0049-34492011000300004-chl","Homo capax","Mena Malet, Patricio","Teología y vida; 52(4); 673-693","Teología y vida","Espanhol","2011","http://www.scielo.cl/scielo.php?script=sci_arttext&pid=S0049-34492011000300004&lang=pt" 
"S0049-34492011000300005-chl","Cien declaraciones de las Asambleas Plenarias del Episcopado Chileno (1962-2010): Notas para una hermenéutica teológica","Berríos Medel, Fernando","Teología y vida; 52(4); 695-720","Teología y vida","Espanhol","2011","http://www.scielo.cl/scielo.php?script=sci_arttext&pid=S0049-34492011000300005&lang=pt" 
"S0049-34492011000300006-chl","","","Teología y vida; 52(4); 723-728","Teología y vida","Espanhol","2011","http://www.scielo.cl/scielo.php?script=sci_arttext&pid=S0049-34492011000300006&lang=pt" 
"S0049-34492011000300007-chl","","Bornapé M, Allan","Teología y vida; 52(4); 731-733","Teología y vida","Espanhol","2011","http://www.scielo.cl/scielo.php?script=sci_arttext&pid=S0049-34492011000300007&lang=pt" 
"S0049-34492011000300008-chl","","Meis, Anneliese","Teología y vida; 52(4); 734-737","Teología y vida","Espanhol","2011","http://www.scielo.cl/scielo.php?script=sci_arttext&pid=S0049-34492011000300008&lang=pt" 
"S0049-34492011000300009-chl","La teología de Joseph Ratzinger. Una introducción","Blanco Sarto, Pablo","Teología y vida; 52(4); 738-740","Teología y vida","Espanhol","2011","http://www.scielo.cl/scielo.php?script=sci_arttext&pid=S0049-34492011000300009&lang=pt" 
"S0049-34492011000300010-chl","","Berríos Medel, Fernando","Teología y vida; 52(4); 741-745","Teología y vida","Espanhol","2011","http://www.scielo.cl/scielo.php?script=sci_arttext&pid=S0049-34492011000300010&lang=pt" 
"S0049-34492011000300011-chl","MIGUEL YAKSIC (2011). Política y Religión. Teología Pública para un mundo plural","Miranda Rebeco, Patricio","Teología y vida; 52(4); 746-747","Teología y vida","Espanhol","2011","http://www.scielo.cl/scielo.php?script=sci_arttext&pid=S0049-34492011000300011&lang=pt" 
"S0185-25742011000100001-mex","La Corona: un acercamiento a las políticas del reino Kaan desde un centro secundario del noroeste del Petén","Canuto, Marcello A., Barrientos Q., Tomás","Estudios de cultura maya; 37(); 11-43","Estudios de cultura maya","Espanhol","2011","http://www.scielo.org.mx/scielo.php?script=sci_arttext&pid=S0185-25742011000100001&lang=pt" 
"S0185-25742011000100002-mex","Oxpemul, Campeche: un acercamiento a la temporalidad de su asentamiento","Domínguez Carrasco, María del Rosario, Puc Tejero, Leydi del Carmen, Folan Higgins, William J.","Estudios de cultura maya; 37(); 45-63","Estudios de cultura maya","Espanhol","2011","http://www.scielo.org.mx/scielo.php?script=sci_arttext&pid=S0185-25742011000100002&lang=pt" 
"S0185-25742011000100003-mex","Análisis iconográfico preliminar de fragmentos de las vasijas estilo códice procedentes de Calakmul","García Barrios, Ana","Estudios de cultura maya; 37(); 65-97","Estudios de cultura maya","Espanhol","2011","http://www.scielo.org.mx/scielo.php?script=sci_arttext&pid=S0185-25742011000100003&lang=pt" 
"S0185-25742011000100004-mex","El léxico cromático y la ideología maya","Savkic, Sanja","Estudios de cultura maya; 37(); 99-119","Estudios de cultura maya","Espanhol","2011","http://www.scielo.org.mx/scielo.php?script=sci_arttext&pid=S0185-25742011000100004&lang=pt" 
"S0185-25742011000100005-mex","The Gods of Yucatán from A.D. 1560 to 1980","Love, Bruce","Estudios de cultura maya; 37(); 121-148","Estudios de cultura maya","Inglês","2011","http://www.scielo.org.mx/scielo.php?script=sci_arttext&pid=S0185-25742011000100005&lang=pt" 
"S0185-25742011000100006-mex","Los dos cuerpos mayas: Esbozo de una antropología elemental indígena","Pitarch, Pedro","Estudios de cultura maya; 37(); 149-178","Estudios de cultura maya","Espanhol","2011","http://www.scielo.org.mx/scielo.php?script=sci_arttext&pid=S0185-25742011000100006&lang=pt" 
"S0185-25742011000100007-mex","Las comisarías y subcomisarías del municipio de Mérida: entre la tradición y la modernidad","Lugo Pérez, José A., Tzuc Canché, Lizbeth","Estudios de cultura maya; 37(); 179-198","Estudios de cultura maya","Espanhol","2011","http://www.scielo.org.mx/scielo.php?script=sci_arttext&pid=S0185-25742011000100007&lang=pt" 
"S0185-25742011000100008-mex","A la memoria de Carlos Lenkersdorf (1926-2010)","León Cázares, María del Carmen","Estudios de cultura maya; 37(); 199-206","Estudios de cultura maya","Espanhol","2011","http://www.scielo.org.mx/scielo.php?script=sci_arttext&pid=S0185-25742011000100008&lang=pt" 
"S0185-25742011000100009-mex","Adivinos del agua. Los itzaes en los discursos de identidad en Petén Central","Zalaquett, Francisca","Estudios de cultura maya; 37(); 209-210","Estudios de cultura maya","Espanhol","2011","http://www.scielo.org.mx/scielo.php?script=sci_arttext&pid=S0185-25742011000100009&lang=pt" 
"S0036-36342011000900012-mex","Diseño mixto de evaluación de la iniciativa Salud Mesoamérica 2015","Gutiérrez, Juan Pablo, Téllez-Rojo, Marta María, Torres, Pilar, Romero, Martín, Bertozzi, Stefano M","Salud Pública de México; 53(); s386-s395","Salud Pública de México","Espanhol","2011","http://www.scielo.org.mx/scielo.php?script=sci_arttext&pid=S0036-36342011000900012&lang=pt" 
"S0036-36342011001000006-mex","Impacto del Seguro Popular en el gasto catastrófico y de bolsillo en el México rural y urbano, 2005-2008","Sosa-Rubí, Sandra G, Salinas-Rodríguez, Aarón, Galárraga, Omar","Salud Pública de México; 53(); 425-435","Salud Pública de México","Espanhol","2011","http://www.scielo.org.mx/scielo.php?script=sci_arttext&pid=S0036-36342011001000006&lang=pt" 
"S0036-36342011000900003-mex","Avances en los Objetivos de Desarrollo del Milenio 4 y 5 en Mesoamérica","Lozano, Rafael, Gómez-Dantés, Héctor, Castro, María Victoria, Franco-Marina, Francisco, Santos-Preciado, José I","Salud Pública de México; 53(); s395-302","Salud Pública de México","Espanhol","2011","http://www.scielo.org.mx/scielo.php?script=sci_arttext&pid=S0036-36342011000900003&lang=pt" 
"S0036-36342011000900010-mex","Sistemas de información en salud en la región mesoamericana","Palacio-Mejía, Lina Sofía, Hernández-Ávila, Juan Eugenio, Villalobos, Aremis, Cortés-Ortiz, María Alejandra, Agudelo-Botero, Marcela, Plaza, Beatriz","Salud Pública de México; 53(); s368-s374","Salud Pública de México","Espanhol","2011","http://www.scielo.org.mx/scielo.php?script=sci_arttext&pid=S0036-36342011000900010&lang=pt" 
"S0036-36342011000900006-mex","Inmunizaciones y equidad en el Plan Regional del Sistema Mesoamericano de Salud Pública","Franco-Paredes, Carlos, Hernández-Ramos, Isabel, Santos-Preciado, José Ignacio","Salud Pública de México; 53(); s323-s332","Salud Pública de México","Espanhol","2011","http://www.scielo.org.mx/scielo.php?script=sci_arttext&pid=S0036-36342011000900006&lang=pt" 
"S0036-36342011000900007-mex","Plan de mejoramiento del control de la malaria hacia su eliminación en Mesoamérica","Rodríguez, Mario Henry, Betanzos-Reyes, Ángel Francisco","Salud Pública de México; 53(); s333-s348","Salud Pública de México","Espanhol","2011","http://www.scielo.org.mx/scielo.php?script=sci_arttext&pid=S0036-36342011000900007&lang=pt" 
"S0036-36342011000900004-mex","Prevención de la desnutrición de la madre y el niño: el componente de nutrición de la Iniciativa Salud Mesoamérica 2015","Rivera, Juan A, Martorell, Reynaldo, González, Wendy, Lutter, Chessa, Cossío, Teresa González de, Flores-Ayala, Rafael, Uauy, Ricardo, Delgado, Hernán","Salud Pública de México; 53(); s303-s311","Salud Pública de México","Espanhol","2011","http://www.scielo.org.mx/scielo.php?script=sci_arttext&pid=S0036-36342011000900004&lang=pt" 
"S0036-36342011001000015-mex","Una estimación indirecta de las desigualdades actuales y futuras en la frecuencia de la enfermedad renal crónica terminal en México","Franco-Marina, Francisco, Tirado-Gómez, Laura Leticia, Estrada, Aída Venado, Moreno-López, José Andrés, Pacheco-Domínguez, Reyna Lizette, Durán-Arenas, Luis, López-Cervantes, Malaquías","Salud Pública de México; 53(); 506-515","Salud Pública de México","Espanhol","2011","http://www.scielo.org.mx/scielo.php?script=sci_arttext&pid=S0036-36342011001000015&lang=pt" 
"S0036-36342011000900011-mex","Costo-efectividad de prácticas en salud pública: revisión bibliográfica de las intervenciones de la Iniciativa Mesoamericana de Salud","Valencia-Mendoza, Atanacio, Danese-dlSantos, Laura G, Sosa-Rubí, Sandra G, Aracena-Genao, Belkis","Salud Pública de México; 53(); s375-s385","Salud Pública de México","Espanhol","2011","http://www.scielo.org.mx/scielo.php?script=sci_arttext&pid=S0036-36342011000900011&lang=pt" 
"S0036-36342011000900001-mex","La salud en Mesoamérica","Ávila, Dr. Mauricio Hernández","Salud Pública de México; 53(); s287-s288","Salud Pública de México","Espanhol","2011","http://www.scielo.org.mx/scielo.php?script=sci_arttext&pid=S0036-36342011000900001&lang=pt" 
"S0036-36342011000900002-mex","Iniciativas de salud en Latinoamérica: de la Oficina Sanitaria Panamericana a la Iniciativa Mesoamericana de Salud Pública","Preciado, José Ignacio Santos, Paredes, Carlos Franco","Salud Pública de México; 53(); s289-s294","Salud Pública de México","Espanhol","2011","http://www.scielo.org.mx/scielo.php?script=sci_arttext&pid=S0036-36342011000900002&lang=pt" 
"S0036-36342011000900005-mex","Perfil situacional y estrategias de intervención en la región mesoamericana en el área de salud materna, reproductiva y neonatal","Hernández-Prado, Bernardo, Kestler, Edgar, Díaz, Juan, Walker, Dilys, Langer, Ana, Lewis, Sarah, Vara-Salazar, Elvia De la, Melo-Zurita, María del Carmen, Iriarte, Emma, Danel, Isabella, Donnay, France, Alemán, Denis, Serrano, Roselyn, Morales, Evelyn, Largaespada, Natalia, González, José Douglas Jarquín, Hernández, Ma del Carmen, Mejía, Claudia E Quiroz, González, Geneva, Carrera, Yadira, Valverde, Clelia, Luna, Rufino, Valencia-Mendoza, Atanacio, Sosa-Rubí, Sandra G, Hernández-Prado, Bernardo, Kestler, Edgar, Díaz, Juan, Walker, Dilys, Langer, Ana, Lewis, Sarah, Vara-Salazar, Elvia De la, Melo-Zurita, María del Carmen","Salud Pública de México; 53(); s312-s322","Salud Pública de México","Espanhol","2011","http://www.scielo.org.mx/scielo.php?script=sci_arttext&pid=S0036-36342011000900005&lang=pt" 
"S0036-36342011000900008-mex","La estrategia para la prevención y el control integrado del dengue en Mesoamérica","Gómez-Dantés, Héctor, Martín, José Luis San, Danis-Lozano, Rogelio, Manrique-Saide, Pablo","Salud Pública de México; 53(); s349-s357","Salud Pública de México","Espanhol","2011","http://www.scielo.org.mx/scielo.php?script=sci_arttext&pid=S0036-36342011000900008&lang=pt" 
"S0036-36342011000900009-mex","Instituto Mesoamericano de Salud Pública: órgano de apoyo técnico y fortalecimiento del Sistema Mesoamericano de Salud Pública","González-Block, Miguel A, Molina-Rodríguez, Juan Francisco, Becerril, Víctor, Vargas, Emily","Salud Pública de México; 53(); s358-s367","Salud Pública de México","Espanhol","2011","http://www.scielo.org.mx/scielo.php?script=sci_arttext&pid=S0036-36342011000900009&lang=pt" 
"S0036-36342011001000001-mex","Editorial","Ortiz-Domínguez, Maki Esther","Salud Pública de México; 53(); 397-398","Salud Pública de México","Espanhol","2011","http://www.scielo.org.mx/scielo.php?script=sci_arttext&pid=S0036-36342011001000001&lang=pt" 
"S0036-36342011001000002-mex","Evaluación de los programas y servicios de salud en México","Garrido-Latorre, Francisco, López-Moreno, Sergio","Salud Pública de México; 53(); 399-401","Salud Pública de México","Espanhol","2011","http://www.scielo.org.mx/scielo.php?script=sci_arttext&pid=S0036-36342011001000002&lang=pt" 
"S0036-36342011001000003-mex","Operación del programa Sistema Integral de Calidad en Salud (SICALIDAD): la función de los gestores en atención primaria y hospitales","Granados-Cosme, José Arturo, Tetelboin-Henrion, Carolina, Torres-Cruz, César, Pineda-Pérez, Dayana, Villa-Contreras, Blanca Margarita","Salud Pública de México; 53(); 402-406","Salud Pública de México","Espanhol","2011","http://www.scielo.org.mx/scielo.php?script=sci_arttext&pid=S0036-36342011001000003&lang=pt" 
"S0036-36342011001000004-mex","El Fondo de Protección contra Gastos Catastróficos: tendencia, evolución y operación","Aracena-Genao, Belkis, González-Robledo, María Cecilia, González-Robledo, Luz María, Palacio-Mejía, Lina Sofía, Nigenda-López, Gustavo","Salud Pública de México; 53(); 407-415","Salud Pública de México","Espanhol","2011","http://www.scielo.org.mx/scielo.php?script=sci_arttext&pid=S0036-36342011001000004&lang=pt" 
"S0036-36342011001000005-mex","Separación de funciones en el Sistema de Protección Social en Salud, México 2009: avances y retos","González-Robledo, Luz María, Nigenda, Gustavo, González-Robledo, María Cecilia, Reich, Michael","Salud Pública de México; 53(); 416-424","Salud Pública de México","Espanhol","2011","http://www.scielo.org.mx/scielo.php?script=sci_arttext&pid=S0036-36342011001000005&lang=pt" 
"S0036-36342011001000007-mex","Sistema de Protección Social en Salud y calidad de la atención de hipertensión arterial y diabetes mellitus en centros de salud","Ortiz-Domínguez, Maki E, Garrido-Latorre, Francisco, Orozco, Ricardo, Pineda-Pérez, Dayana, Rodríguez-Salgado, Marlenne","Salud Pública de México; 53(); 436-444","Salud Pública de México","Espanhol","2011","http://www.scielo.org.mx/scielo.php?script=sci_arttext&pid=S0036-36342011001000007&lang=pt" 
"S0036-36342011001000008-mex","Organización del abasto de medicamentos en los servicios estatales de salud: potenciales consecuencias de la mezcla público-privada","López-Moreno, Sergio, Martínez-Ojeda, Rosa Haydeé, López-Arellano, Oliva, Jarillo-Soto, Edgar, Castro-Albarrán, Juan Manuel","Salud Pública de México; 53(); 445-457","Salud Pública de México","Espanhol","2011","http://www.scielo.org.mx/scielo.php?script=sci_arttext&pid=S0036-36342011001000008&lang=pt" 
"S0036-36342011001000009-mex","Análisis cualitativo del abasto de medicamentos en México: evaluación en los servicios a población no asegurada","Granados-Cosme, José Arturo, Tetelboin-Henrion, Carolina, Garduño-Andrade, María de los Ángeles, Rivera-Márquez, José Alberto, Martínez-Ojeda, Rosa Haydeé","Salud Pública de México; 53(); 458-469","Salud Pública de México","Espanhol","2011","http://www.scielo.org.mx/scielo.php?script=sci_arttext&pid=S0036-36342011001000009&lang=pt" 
"S0036-36342011001000010-mex","Abasto, surtimiento y gasto de bolsillo en medicamentos en hospitales públicos de México en 2009","Sesma-Vázquez, Sergio, Gómez-Dantés, Octavio, Wirtz, Veronika J, Castro-Tinoco, Manuel","Salud Pública de México; 53(); 470-479","Salud Pública de México","Espanhol","2011","http://www.scielo.org.mx/scielo.php?script=sci_arttext&pid=S0036-36342011001000010&lang=pt" 
"S0036-36342011001000011-mex","Una propuesta para medir la calidad de la atención hospitalaria usando información sobre mortalidad","Puentes-Rosas, Esteban, Rincón, Karina, Garrido-Latorre, Francisco","Salud Pública de México; 53(); 480-483","Salud Pública de México","Espanhol","2011","http://www.scielo.org.mx/scielo.php?script=sci_arttext&pid=S0036-36342011001000011&lang=pt" 
"S0036-36342011001000012-mex","Eventos quirúrgicos adversos en tres instituciones públicas de salud mexicanas","Pineda-Pérez, Dayana, Puentes-Rosas, Esteban, Rangel-Chávez, Nubia Jazmín, Garrido-Latorre, Francisco","Salud Pública de México; 53(); 484-490","Salud Pública de México","Espanhol","2011","http://www.scielo.org.mx/scielo.php?script=sci_arttext&pid=S0036-36342011001000012&lang=pt" 
"S0036-36342011001000013-mex","Las unidades de hemodiálisis en México: una evaluación de sus características, procesos y resultados","Tirado-Gómez, Laura Leticia, Durán-Arenas, Juan Luis, Rojas-Russell, Mario Enrique, Venado-Estrada, Aída, Pacheco-Domínguez, Reyna Lizzete, López-Cervantes, Malaquías","Salud Pública de México; 53(); 491-498","Salud Pública de México","Espanhol","2011","http://www.scielo.org.mx/scielo.php?script=sci_arttext&pid=S0036-36342011001000013&lang=pt" 
"S0036-36342011001000014-mex","Diagnóstico de la enfermedad renal crónica como trazador de la capacidad técnica en la atención médica en 20 estados de México","Pacheco-Domínguez, Reyna Lizette, Durán-Arenas, Luis, Rojas-Russell, Mario Enrique, Escamilla-Santiago, Ricardo A, López-Cervantes, Malaquías","Salud Pública de México; 53(); 499-505","Salud Pública de México","Espanhol","2011","http://www.scielo.org.mx/scielo.php?script=sci_arttext&pid=S0036-36342011001000014&lang=pt" 
"S0036-36342011001000016-mex","Costos directos de la hemodiálisis en unidades públicas y privadas","Durán-Arenas, Luis, Ávila-Palomares, Paula D, Zendejas-Villanueva, Rodrigo, Vargas-Ruiz, María Magaly, Tirado-Gómez, Laura L, López-Cervantes, Malaquías","Salud Pública de México; 53(); 516-524","Salud Pública de México","Espanhol","2011","http://www.scielo.org.mx/scielo.php?script=sci_arttext&pid=S0036-36342011001000016&lang=pt" 
"S0259-94222011000100008-sza","What does the end of traditional metaphysical language about God mean? In conversation with New Testament scholar Andries Gideon van Aarde on his understanding of a post-secular spirituality","Veldsman, Daniël P.","HTS Theological Studies; 67(1); -","HTS Theological Studies","Inglês","2011","http://www.scielo.org.za/scielo.php?script=sci_arttext&pid=S0259-94222011000100008&lang=pt" 
"S0259-94222011000100009-sza","The divine favour of the unworthy: when the fatherless son meets the Black Messiah","Boesak, Allan A.","HTS Theological Studies; 67(1); -","HTS Theological Studies","Inglês","2011","http://www.scielo.org.za/scielo.php?script=sci_arttext&pid=S0259-94222011000100009&lang=pt" 
"S0259-94222011000100010-sza","A son in heaven, but no father on earth: A note in the margin of a &#039;Tale of Two Kings&#039;","Verheyden, Joseph","HTS Theological Studies; 67(1); -","HTS Theological Studies","Inglês","2011","http://www.scielo.org.za/scielo.php?script=sci_arttext&pid=S0259-94222011000100010&lang=pt" 
"S0259-94222011000100011-sza","Homeless in Galilee","Brawley, Robert L.","HTS Theological Studies; 67(1); -","HTS Theological Studies","Inglês","2011","http://www.scielo.org.za/scielo.php?script=sci_arttext&pid=S0259-94222011000100011&lang=pt" 
"S0259-94222011000100012-sza","&#039;What you prohibit on earth will be prohibited in heaven, and what you permit on earth will be permitted in heaven&#039; (Mt 16:19)","Dreyer, Theuns F.J.","HTS Theological Studies; 67(1); -","HTS Theological Studies","Inglês","2011","http://www.scielo.org.za/scielo.php?script=sci_arttext&pid=S0259-94222011000100012&lang=pt" 
"S0259-94222011000100013-sza","Do not worry in Kinywang&#039;anga: Reading Matthew 6:25-34 in a Tanzanian village","Häkkinen, Sakari","HTS Theological Studies; 67(1); -","HTS Theological Studies","Inglês","2011","http://www.scielo.org.za/scielo.php?script=sci_arttext&pid=S0259-94222011000100013&lang=pt" 
"S0259-94222011000100014-sza","The pacifist Jesus and the violent Jesus in the Gospel of Matthew","Sim, David C.","HTS Theological Studies; 67(1); -","HTS Theological Studies","Inglês","2011","http://www.scielo.org.za/scielo.php?script=sci_arttext&pid=S0259-94222011000100014&lang=pt" 
"S0259-94222011000100015-sza","","Vledder, Evert-Jan","HTS Theological Studies; 67(1); -","HTS Theological Studies","Inglês","2011","http://www.scielo.org.za/scielo.php?script=sci_arttext&pid=S0259-94222011000100015&lang=pt" 
"S0259-94222011000100016-sza","&#039;Suffering Violence&#039; and the kingdom of heaven (Mt 11:12): A Matthean manual for life in a time of war","Jean Weaver, Dorothy","HTS Theological Studies; 67(1); -","HTS Theological Studies","Inglês","2011","http://www.scielo.org.za/scielo.php?script=sci_arttext&pid=S0259-94222011000100016&lang=pt" 
"S0259-94222011000100017-sza","Memory, collective memory, orality and the gospels","Duling, Dennis C.","HTS Theological Studies; 67(1); -","HTS Theological Studies","Inglês","2011","http://www.scielo.org.za/scielo.php?script=sci_arttext&pid=S0259-94222011000100017&lang=pt" 
"S0259-94222011000100018-sza","Social-scientific criticism: Perspective, process and payoff. Evil eye accusation at Galatia as illustration of the method","Elliott, John H.","HTS Theological Studies; 67(1); -","HTS Theological Studies","Inglês","2011","http://www.scielo.org.za/scielo.php?script=sci_arttext&pid=S0259-94222011000100018&lang=pt" 
"S0259-94222011000100019-sza","The Jesus of Paul: A contribution from the social sciences","Guijarro, Santiago","HTS Theological Studies; 67(1); -","HTS Theological Studies","Inglês","2011","http://www.scielo.org.za/scielo.php?script=sci_arttext&pid=S0259-94222011000100019&lang=pt" 
"S0259-94222011000100020-sza","The socio-rhetorical force of &#039;truth talk&#039; and lies: The case of 1 John","Neufeld, Dietmar","HTS Theological Studies; 67(1); -","HTS Theological Studies","Inglês","2011","http://www.scielo.org.za/scielo.php?script=sci_arttext&pid=S0259-94222011000100020&lang=pt" 
"S0259-94222011000100021-sza","Medical anthropology as an antidote for ethnocentrism in Jesus research? Putting the illness-disease distinction into perspective","Craffert, Pieter F.","HTS Theological Studies; 67(1); -","HTS Theological Studies","Inglês","2011","http://www.scielo.org.za/scielo.php?script=sci_arttext&pid=S0259-94222011000100021&lang=pt" 
"S0259-94222011000100022-sza","Salt for the earthen oven revisited","Pilch, John J.","HTS Theological Studies; 67(1); -","HTS Theological Studies","Inglês","2011","http://www.scielo.org.za/scielo.php?script=sci_arttext&pid=S0259-94222011000100022&lang=pt" 
"S0259-94222011000100023-sza","Disaffiliation in associations and the ousting of John","Kloppenborg, John S.","HTS Theological Studies; 67(1); -","HTS Theological Studies","Inglês","2011","http://www.scielo.org.za/scielo.php?script=sci_arttext&pid=S0259-94222011000100023&lang=pt" 
"S0259-94222011000100024-sza","Gender critique on the narrator&#039;s androcentric point of view of women in Matthew&#039;s gospel","Dreyer, Yolanda","HTS Theological Studies; 67(1); -","HTS Theological Studies","Inglês","2011","http://www.scielo.org.za/scielo.php?script=sci_arttext&pid=S0259-94222011000100024&lang=pt" 
"S0259-94222011000100025-sza","Back to basics: The &#039;Almighty Father&#039; revisited","Bons-Storm, Riet","HTS Theological Studies; 67(1); -","HTS Theological Studies","Inglês","2011","http://www.scielo.org.za/scielo.php?script=sci_arttext&pid=S0259-94222011000100025&lang=pt" 
"S0259-94222011000100026-sza","On pilgrimage with biblical women in their land(s)","Wainwright, Elaine M.","HTS Theological Studies; 67(1); -","HTS Theological Studies","Inglês","2011","http://www.scielo.org.za/scielo.php?script=sci_arttext&pid=S0259-94222011000100026&lang=pt" 
"S0259-94222011000100027-sza","","Spies, Lina","HTS Theological Studies; 67(1); -","HTS Theological Studies","Inglês","2011","http://www.scielo.org.za/scielo.php?script=sci_arttext&pid=S0259-94222011000100027&lang=pt" 
"S0259-94222011000100028-sza","Jesus and the law revisited","Loader, William R.G.","HTS Theological Studies; 67(1); -","HTS Theological Studies","Inglês","2011","http://www.scielo.org.za/scielo.php?script=sci_arttext&pid=S0259-94222011000100028&lang=pt" 
"S0259-94222011000100029-sza","The Pope&#039;s Jesus book and the Christologies of the gospels","Weren, Wim J.C.","HTS Theological Studies; 67(1); -","HTS Theological Studies","Inglês","2011","http://www.scielo.org.za/scielo.php?script=sci_arttext&pid=S0259-94222011000100029&lang=pt" 
"S0259-94222011000100030-sza","When neighbours are not neighbours: A social-scientific reading of the parable of the friend at midnight (Lk 11:5-8)","van Eck, Ernest","HTS Theological Studies; 67(1); -","HTS Theological Studies","Inglês","2011","http://www.scielo.org.za/scielo.php?script=sci_arttext&pid=S0259-94222011000100030&lang=pt" 
"S0259-94222011000100031-sza","Show, tell and re-enact: The reason why the earliest followers of Jesus found the Eucharist meaningful","Groenewald, Jonanda","HTS Theological Studies; 67(1); -","HTS Theological Studies","Inglês","2011","http://www.scielo.org.za/scielo.php?script=sci_arttext&pid=S0259-94222011000100031&lang=pt" 
"S0259-94222011000100032-sza","Avoiding ethnic tension and conflict in South Africa: What can we learn from Paul&#039;s experience?","Cromhout, Markus","HTS Theological Studies; 67(1); -","HTS Theological Studies","Inglês","2011","http://www.scielo.org.za/scielo.php?script=sci_arttext&pid=S0259-94222011000100032&lang=pt" 
"S0259-94222011000100033-sza","How much do we really know about the lives of early Christ followers?","Osiek, Carolyn","HTS Theological Studies; 67(1); -","HTS Theological Studies","Inglês","2011","http://www.scielo.org.za/scielo.php?script=sci_arttext&pid=S0259-94222011000100033&lang=pt" 
"S0259-94222011000100034-sza","Festivals, cultural intertextuality, and the Gospel of John&#039;s rhetoric of distance","Carter, Warren","HTS Theological Studies; 67(1); -","HTS Theological Studies","Inglês","2011","http://www.scielo.org.za/scielo.php?script=sci_arttext&pid=S0259-94222011000100034&lang=pt" 
"S0259-94222011000100035-sza","The comforted comforter: The meaning of requesting or conforting terminology in 2 Corinthians","Bieringer, Reimund","HTS Theological Studies; 67(1); -","HTS Theological Studies","Inglês","2011","http://www.scielo.org.za/scielo.php?script=sci_arttext&pid=S0259-94222011000100035&lang=pt" 
"S0259-94222011000100036-sza","Christians reacted differently to non-Christian cults","Verhoef, Eduard","HTS Theological Studies; 67(1); -","HTS Theological Studies","Inglês","2011","http://www.scielo.org.za/scielo.php?script=sci_arttext&pid=S0259-94222011000100036&lang=pt" 
"S0259-94222011000100037-sza","Constructing the economic-historic context of 1 Peter: Exploring a methodology","van Rensburg, Fika Janse","HTS Theological Studies; 67(1); -","HTS Theological Studies","Inglês","2011","http://www.scielo.org.za/scielo.php?script=sci_arttext&pid=S0259-94222011000100037&lang=pt" 
"S0259-94222011000100038-sza","The moral economy of the Didache","Draper, Jonathan A.","HTS Theological Studies; 67(1); -","HTS Theological Studies","Inglês","2011","http://www.scielo.org.za/scielo.php?script=sci_arttext&pid=S0259-94222011000100038&lang=pt" 
"S0259-94222011000100039-sza","Towards a critique of indigenous African religion","Strijdom, Johan","HTS Theological Studies; 67(1); -","HTS Theological Studies","Inglês","2011","http://www.scielo.org.za/scielo.php?script=sci_arttext&pid=S0259-94222011000100039&lang=pt" 
"S0259-94222011000100040-sza","Paul and Africa?","Loba-Mkole, Jean-Claude","HTS Theological Studies; 67(1); -","HTS Theological Studies","Inglês","2011","http://www.scielo.org.za/scielo.php?script=sci_arttext&pid=S0259-94222011000100040&lang=pt" 
"S0259-94222011000100041-sza","Hermeneutics in identity formation: Paul&#039;s use of Genesis in Galatians 4","Punt, Jeremy","HTS Theological Studies; 67(1); -","HTS Theological Studies","Inglês","2011","http://www.scielo.org.za/scielo.php?script=sci_arttext&pid=S0259-94222011000100041&lang=pt" 
"S0259-94222011000100042-sza","Angels as arguments? The rhetorical function of references to angels in the Main Letters of Paul","Tolmie, D. Francois","HTS Theological Studies; 67(1); -","HTS Theological Studies","Inglês","2011","http://www.scielo.org.za/scielo.php?script=sci_arttext&pid=S0259-94222011000100042&lang=pt" 
"S0259-94222011000100043-sza","The future existence of the believers according to 2 Thessalonians","de Villiers, Pieter G.R.","HTS Theological Studies; 67(1); -","HTS Theological Studies","Inglês","2011","http://www.scielo.org.za/scielo.php?script=sci_arttext&pid=S0259-94222011000100043&lang=pt" 
"S0259-94222011000100044-sza","&#039;Epistemology models ontology&#039;- In gesprek met John Polkinghorne","Buitendag, Johan","HTS Theological Studies; 67(1); -","HTS Theological Studies","Inglês","2011","http://www.scielo.org.za/scielo.php?script=sci_arttext&pid=S0259-94222011000100044&lang=pt" 
"S0259-94222011000100045-sza","Shifting frontiers of transcendence in theology, philosophy and science","du Toit, Cornelius W.","HTS Theological Studies; 67(1); -","HTS Theological Studies","Inglês","2011","http://www.scielo.org.za/scielo.php?script=sci_arttext&pid=S0259-94222011000100045&lang=pt" 
"S0259-94222011000100046-sza","Postfoundational practical theology for a time of transition","Muller, Julian C.","HTS Theological Studies; 67(1); -","HTS Theological Studies","Inglês","2011","http://www.scielo.org.za/scielo.php?script=sci_arttext&pid=S0259-94222011000100046&lang=pt" 
"S0259-94222011000100047-sza","Mentorship: A process of nurturing others","Masango, Maake","HTS Theological Studies; 67(1); -","HTS Theological Studies","Inglês","2011","http://www.scielo.org.za/scielo.php?script=sci_arttext&pid=S0259-94222011000100047&lang=pt" 
"S0259-94222011000100048-sza","&#039;God can only do what God does do&#039;: Peter Abelard&#039;s Megarian argument in Theologia &#039;Scholarium&#039;, Opera Theologica III","Beukes, Johann","HTS Theological Studies; 67(1); -","HTS Theological Studies","Inglês","2011","http://www.scielo.org.za/scielo.php?script=sci_arttext&pid=S0259-94222011000100048&lang=pt" 
"S0259-94222011000100049-sza","Origen of Alexandria: the study of the Scriptures as transformation of the readers into images of the God of love","Decock, Paul B.","HTS Theological Studies; 67(1); -","HTS Theological Studies","Inglês","2011","http://www.scielo.org.za/scielo.php?script=sci_arttext&pid=S0259-94222011000100049&lang=pt" 
"S0259-94222011000100050-sza","Post-modern spirituality: experience, rather than explain","Schutte, Philip J.W.","HTS Theological Studies; 67(1); -","HTS Theological Studies","Inglês","2011","http://www.scielo.org.za/scielo.php?script=sci_arttext&pid=S0259-94222011000100050&lang=pt" 
"S0259-94222011000100051-sza","Dignity, religion and freedom of expression in South Africa","van Rooyen, Jacobus C.W.","HTS Theological Studies; 67(1); -","HTS Theological Studies","Inglês","2011","http://www.scielo.org.za/scielo.php?script=sci_arttext&pid=S0259-94222011000100051&lang=pt" 
"S0259-94222011000100052-sza","Chrysostom on hunger and famine","Stander, Hennie","HTS Theological Studies; 67(1); -","HTS Theological Studies","Inglês","2011","http://www.scielo.org.za/scielo.php?script=sci_arttext&pid=S0259-94222011000100052&lang=pt" 
"S0259-94222011000100053-sza","Walter Schmithals: his contribution to the theological and historical interpretation of the New Testament","Boshoff, Piet B.","HTS Theological Studies; 67(1); -","HTS Theological Studies","Inglês","2011","http://www.scielo.org.za/scielo.php?script=sci_arttext&pid=S0259-94222011000100053&lang=pt" 
"S0259-94222011000100054-sza","John&#039;s Apocalypse: dynamic word-images for a new world","Rosell, Sergio","HTS Theological Studies; 67(1); -","HTS Theological Studies","Inglês","2011","http://www.scielo.org.za/scielo.php?script=sci_arttext&pid=S0259-94222011000100054&lang=pt" 
"S0259-94222011000100055-sza","Judas, the disciple who was known to the high priest: a deconstruction of the betrayal based on John 18:15","Counet, Patrick Chatelion","HTS Theological Studies; 67(1); -","HTS Theological Studies","Inglês","2011","http://www.scielo.org.za/scielo.php?script=sci_arttext&pid=S0259-94222011000100055&lang=pt" 
"S0259-94222011000100056-sza","God&#039;s health and human health: a proposal for the world of well-being","Ellens, J. Harold","HTS Theological Studies; 67(1); -","HTS Theological Studies","Inglês","2011","http://www.scielo.org.za/scielo.php?script=sci_arttext&pid=S0259-94222011000100056&lang=pt" 
"S0259-94222011000100057-sza","Is prophetic discourse adequate to address global economic justice?","Naud, Piet J.","HTS Theological Studies; 67(1); -","HTS Theological Studies","Inglês","2011","http://www.scielo.org.za/scielo.php?script=sci_arttext&pid=S0259-94222011000100057&lang=pt" 
"S0259-94222011000100058-sza","Finding a place for Jesus as healer in reformed mission in Africa","van Wyk, Ignatius W.C","HTS Theological Studies; 67(1); -","HTS Theological Studies","Inglês","2011","http://www.scielo.org.za/scielo.php?script=sci_arttext&pid=S0259-94222011000100058&lang=pt" 
"S0259-94222011000100059-sza","Journey from isolation","Dreyer, Wim A.","HTS Theological Studies; 67(1); -","HTS Theological Studies","Inglês","2011","http://www.scielo.org.za/scielo.php?script=sci_arttext&pid=S0259-94222011000100059&lang=pt" 
"S0259-94222011000100060-sza","Mission and ethics in Galatians","Kok, Jacobus","HTS Theological Studies; 67(1); -","HTS Theological Studies","Inglês","2011","http://www.scielo.org.za/scielo.php?script=sci_arttext&pid=S0259-94222011000100060&lang=pt" 
"S0259-94222011000100061-sza","&#039;Ever old and ever new, keep me travelling along with you&#039;: 21st Century Notae Ecclesiae specifically necessary for churches in southern Africa","Duncan, Graham A.","HTS Theological Studies; 67(1); -","HTS Theological Studies","Inglês","2011","http://www.scielo.org.za/scielo.php?script=sci_arttext&pid=S0259-94222011000100061&lang=pt" 
"S0259-94222011000100062-sza","","van Oort, Johannes","HTS Theological Studies; 67(1); -","HTS Theological Studies","Inglês","2011","http://www.scielo.org.za/scielo.php?script=sci_arttext&pid=S0259-94222011000100062&lang=pt" 
"S0259-94222011000100063-sza","The beautiful infant and Israel&#039;s salvation","Loader, James A.","HTS Theological Studies; 67(1); -","HTS Theological Studies","Inglês","2011","http://www.scielo.org.za/scielo.php?script=sci_arttext&pid=S0259-94222011000100063&lang=pt" 
"S0259-94222011000100064-sza","Congruent ethos in the Second Temple literature of the Old Testament","Venter, Pieter M.","HTS Theological Studies; 67(1); -","HTS Theological Studies","Inglês","2011","http://www.scielo.org.za/scielo.php?script=sci_arttext&pid=S0259-94222011000100064&lang=pt" 
"S0259-94222011000100065-sza","&#039;Praise beyond Words&#039;: Psalm 150 as grand finale of the crescendo in the Psalter","Human, Dirk J.","HTS Theological Studies; 67(1); -","HTS Theological Studies","Inglês","2011","http://www.scielo.org.za/scielo.php?script=sci_arttext&pid=S0259-94222011000100065&lang=pt" 
"S0259-94222011000100066-sza","Isaiah 1:2-3, ethics and wisdom. Isaiah 1:2-3 and the Song of Moses (Dt 32): Is Isaiah a prophet like Moses?","Groenewald, Alphonso","HTS Theological Studies; 67(1); -","HTS Theological Studies","Inglês","2011","http://www.scielo.org.za/scielo.php?script=sci_arttext&pid=S0259-94222011000100066&lang=pt" 
"S0259-94222011000100067-sza","Does John 17:11b, 21-23 refer to church unity?","Malan, Gert J.","HTS Theological Studies; 67(1); -","HTS Theological Studies","Inglês","2011","http://www.scielo.org.za/scielo.php?script=sci_arttext&pid=S0259-94222011000100067&lang=pt" 
"S0259-94222011000100068-sza","&#039;On Earth as it is in Heaven ... &#039; The heavenly sanctuary motif in Hebrews 8:5 and its textual connection with the &#039;shadowy copy&#039; of LXX Exodus 25:40","Steyn, Gert J.","HTS Theological Studies; 67(1); -","HTS Theological Studies","Inglês","2011","http://www.scielo.org.za/scielo.php?script=sci_arttext&pid=S0259-94222011000100068&lang=pt" 
"S0259-94222011000100069-sza","","van der Watt, Jan","HTS Theological Studies; 67(1); -","HTS Theological Studies","Inglês","2011","http://www.scielo.org.za/scielo.php?script=sci_arttext&pid=S0259-94222011000100069&lang=pt" 
"S0259-94222011000100070-sza","(The Markan and Matthean) Jesus&#039; appropriation and criticism of the Torah: the question of divorce","Scheffler, Eben","HTS Theological Studies; 67(1); -","HTS Theological Studies","Inglês","2011","http://www.scielo.org.za/scielo.php?script=sci_arttext&pid=S0259-94222011000100070&lang=pt" 
"S0259-94222011000100071-sza","Resurrection narratives and the doctrine of resurrection","Spangenberg, Izak J.J.","HTS Theological Studies; 67(1); -","HTS Theological Studies","Inglês","2011","http://www.scielo.org.za/scielo.php?script=sci_arttext&pid=S0259-94222011000100071&lang=pt" 
"S0259-94222011000100001-sza","Foreword to the Van Aarde Festschrift","Buitendag, Johan","HTS Theological Studies; 67(1); -","HTS Theological Studies","Inglês","2011","http://www.scielo.org.za/scielo.php?script=sci_arttext&pid=S0259-94222011000100001&lang=pt" 
"S0259-94222011000100002-sza","Editorial to the Van Aarde Festschrift","van Eck, Ernest, Dreyer, Yolanda","HTS Theological Studies; 67(1); -","HTS Theological Studies","Inglês","2011","http://www.scielo.org.za/scielo.php?script=sci_arttext&pid=S0259-94222011000100002&lang=pt" 
"S0259-94222011000100003-sza","Poem: dedicated to Andries G. van Aarde by Lina Spies","Spies, Lina","HTS Theological Studies; 67(1); -","HTS Theological Studies","Inglês","2011","http://www.scielo.org.za/scielo.php?script=sci_arttext&pid=S0259-94222011000100003&lang=pt" 
"S0259-94222011000100004-sza","Andries van Aarde - A sideways glance: His theological and hermeneutical contribution to the South African scene","de Villiers, Gerda","HTS Theological Studies; 67(1); -","HTS Theological Studies","Inglês","2011","http://www.scielo.org.za/scielo.php?script=sci_arttext&pid=S0259-94222011000100004&lang=pt" 
"S0259-94222011000100005-sza","Seeing the world through the eyes of Andries van Aarde: Radical inclusivity","Jackson, Glenna S.","HTS Theological Studies; 67(1); -","HTS Theological Studies","Inglês","2011","http://www.scielo.org.za/scielo.php?script=sci_arttext&pid=S0259-94222011000100005&lang=pt" 
"S0259-94222011000100006-sza","Andries van Aarde as historical Jesus scholar","le Roux, Jurie H.","HTS Theological Studies; 67(1); -","HTS Theological Studies","Inglês","2011","http://www.scielo.org.za/scielo.php?script=sci_arttext&pid=S0259-94222011000100006&lang=pt" 
"S0259-94222011000100007-sza","Andries van Aarde&#039;s Matthew Interpretation","le Roux, Jurie H.","HTS Theological Studies; 67(1); -","HTS Theological Studies","Inglês","2011","http://www.scielo.org.za/scielo.php?script=sci_arttext&pid=S0259-94222011000100007&lang=pt" 
"S1870-23332011000100001-mex","Presentación","Alizal, Laura del","Polis; 7(1); 1-9","Polis","Espanhol","2011","http://www.scielo.org.mx/scielo.php?script=sci_arttext&pid=S1870-23332011000100001&lang=pt" 
"S1870-23332011000100002-mex","El Código Electoral del Distrito Federal de 2008","Larrosa Haro, Manuel, Castillo, Javier Santiago","Polis; 7(1); 13-44","Polis","Espanhol","2011","http://www.scielo.org.mx/scielo.php?script=sci_arttext&pid=S1870-23332011000100002&lang=pt" 
"S1870-23332011000100003-mex","Cuatro problemas teóricos fundamentales para una democracia deliberativa","Robles, José Manuel","Polis; 7(1); 45-67","Polis","Espanhol","2011","http://www.scielo.org.mx/scielo.php?script=sci_arttext&pid=S1870-23332011000100003&lang=pt" 
"S1870-23332011000100004-mex","Gandhi: la resistencia civil activa","Rendón Corona, Armando","Polis; 7(1); 69-103","Polis","Espanhol","2011","http://www.scielo.org.mx/scielo.php?script=sci_arttext&pid=S1870-23332011000100004&lang=pt" 
"S1870-23332011000100005-mex","El comercio justo: ¿una alternativa de desarrollo local?","García Chiang, Armando","Polis; 7(1); 105-140","Polis","Espanhol","2011","http://www.scielo.org.mx/scielo.php?script=sci_arttext&pid=S1870-23332011000100005&lang=pt" 
"S1870-23332011000100006-mex","Justine o la crítica política, ética y psicosocial de la sádica actualidad","Veraza Urtuzuástegui, Jorge","Polis; 7(1); 141-173","Polis","Espanhol","2011","http://www.scielo.org.mx/scielo.php?script=sci_arttext&pid=S1870-23332011000100006&lang=pt" 
"S1870-23332011000100007-mex","Turismo y geografía: lugares y patrimonio natural-cultural de la Argentina","Sunyer Martín, Pere, Brenner, Ludger","Polis; 7(1); 177-182","Polis","Espanhol","2011","http://www.scielo.org.mx/scielo.php?script=sci_arttext&pid=S1870-23332011000100007&lang=pt" 
"S1870-66222011000100001-mex","Carta a nuestros lectores","","EconoQuantum; 7(2); 6-7","EconoQuantum","Espanhol","2011","http://www.scielo.org.mx/scielo.php?script=sci_arttext&pid=S1870-66222011000100001&lang=pt" 
"S1870-66222011000100002-mex","Determinantes del flujo de remesas en México, un análisis empírico","Islas Camargo, Alejandro, Moreno Santoyo, Samuel G.","EconoQuantum; 7(2); 9-36","EconoQuantum","Espanhol","2011","http://www.scielo.org.mx/scielo.php?script=sci_arttext&pid=S1870-66222011000100002&lang=pt" 
"S1870-66222011000100003-mex","Determinantes de las tarifas de interconexión: Un estudio a nivel internacional","Castañeda Sabido, Alejandro","EconoQuantum; 7(2); 37-54","EconoQuantum","Espanhol","2011","http://www.scielo.org.mx/scielo.php?script=sci_arttext&pid=S1870-66222011000100003&lang=pt" 
"S1870-66222011000100004-mex","Efectos de las exportaciones en el crecimiento económico de México: Un análisis de cointegración, 1929-2009","Rodríguez Benavides, Domingo, Venegas-Martínez, Francisco","EconoQuantum; 7(2); 55-71","EconoQuantum","Espanhol","2011","http://www.scielo.org.mx/scielo.php?script=sci_arttext&pid=S1870-66222011000100004&lang=pt" 
"S1870-66222011000100005-mex","Movilidad del capital, tasa de interés, tipo de cambio real y crecimiento económico","Casares, Enrique R.","EconoQuantum; 7(2); 73-91","EconoQuantum","Espanhol","2011","http://www.scielo.org.mx/scielo.php?script=sci_arttext&pid=S1870-66222011000100005&lang=pt" 
"S1870-66222011000100006-mex","Eficiencia industrial en las regiones de México","Aguilar Gutiérrez, Genaro","EconoQuantum; 7(2); 93-113","EconoQuantum","Espanhol","2011","http://www.scielo.org.mx/scielo.php?script=sci_arttext&pid=S1870-66222011000100006&lang=pt" 
"S1645-00862011000100001-prt","A Influência da Alteração dos Ciclos Circadianos na Auto-Percepção Individual: a Experiência Subjectiva de Fadiga, Atenção, Tensão e Satisfação na Tarefa","Laneiro, Tito, Brites, Rute, Tap, Pierre, Silva, Andreia, Reguinga, Orlando, Guerra, Sandra","Psicologia, Saúde &amp; Doenças; 12(1); 3-17","Psicologia, Saúde &amp; Doenças","Português","2011","http://www.scielo.mec.pt/scielo.php?script=sci_arttext&pid=S1645-00862011000100001&lang=pt" 
"S1645-00862011000100003-prt","A privação crônica do sono, a direção de automóveis e a vulnerabilidade interindividual: o ronco e a síndrome de apnéia obstrutiva do sono","Inocente, Clara Odilia, Inocente, Janine Julieta, Inocente, Nancy Julieta, Reimão, Rubens","Psicologia, Saúde &amp; Doenças; 12(1); 41-54","Psicologia, Saúde &amp; Doenças","Português","2011","http://www.scielo.mec.pt/scielo.php?script=sci_arttext&pid=S1645-00862011000100003&lang=pt" 
"S1645-00862011000100004-prt","Escala comportamental de suporte social familiar para adolescentes com diabetes (DFBS)","Almeida, Paulo, Pereira, M. Graça","Psicologia, Saúde &amp; Doenças; 12(1); 55-75","Psicologia, Saúde &amp; Doenças","Português","2011","http://www.scielo.mec.pt/scielo.php?script=sci_arttext&pid=S1645-00862011000100004&lang=pt" 
"S1645-00862011000100005-prt","Iniquidade, Etnicidade e Educação Sexual","Pereira, Sónia, Matos, Margarida Gaspar de, Leal, Isabel","Psicologia, Saúde &amp; Doenças; 12(1); 77-90","Psicologia, Saúde &amp; Doenças","Português","2011","http://www.scielo.mec.pt/scielo.php?script=sci_arttext&pid=S1645-00862011000100005&lang=pt" 
"S1645-00862011000100006-prt","Análisis Psicométrico confirmatorio de la medida multidimensional del Test de Autoconcepto Forma 5 en Español (AF5), en estudiantes Universitarios de Chile","Mella, Enrique Riquelme, Bravo, Paula Riquelme","Psicologia, Saúde &amp; Doenças; 12(1); 91-103","Psicologia, Saúde &amp; Doenças","Espanhol","2011","http://www.scielo.mec.pt/scielo.php?script=sci_arttext&pid=S1645-00862011000100006&lang=pt" 
"S1645-00862011000100007-prt","Vulnerabilidade dos adolescentes às dst/aids: ainda uma questão de gênero?","Wiese, Iria Raquel Borges, Saldanha, Ana Alayde Werba","Psicologia, Saúde &amp; Doenças; 12(1); 105-118","Psicologia, Saúde &amp; Doenças","Português","2011","http://www.scielo.mec.pt/scielo.php?script=sci_arttext&pid=S1645-00862011000100007&lang=pt" 
"S1645-00862011000100008-prt","Cuidar de idosos com demência em instituições: competências, dificuldades e necessidades percepcionadas pelos cuidadores formais","Barbosa, Ana L., Cruz, Joana, Figueiredo, Daniela, Marques, Alda, Sousa, Liliana","Psicologia, Saúde &amp; Doenças; 12(1); 119-129","Psicologia, Saúde &amp; Doenças","Português","2011","http://www.scielo.mec.pt/scielo.php?script=sci_arttext&pid=S1645-00862011000100008&lang=pt" 
"S2072-92942011000200005-bol","Registro de vicuñas (Vicugna vicugna, Molina 1782) como hospedador de Amblyomma parvitarsum Neumann, 1901 (Acari: Ixodidae) en Bolivia","Beltrán-Saavedra, L. Fabián, Limachi, Juan Miguel, Guglielmone, Alberto A.","Journal of the Selva Andina Research Society; 2(2); 40-44","Journal of the Selva Andina Research Society","Espanhol","2011","http://www.scielo.org.bo/scielo.php?script=sci_arttext&pid=S2072-92942011000200005&lang=pt" 
"S2072-92942011000200004-bol","Efecto de la Lombriz Roja Californiana (Eisenia foetida) durante el composteo y vermicomposteo en predios de la Estación Experimental de la Unidad Académica Campesina Carmen Pampa","Paco, Gabriel, Loza-Murguía, Manuel, Mamani, Francisco, Sainz, Humberto","Journal of the Selva Andina Research Society; 2(2); 24-39","Journal of the Selva Andina Research Society","Espanhol","2011","http://www.scielo.org.bo/scielo.php?script=sci_arttext&pid=S2072-92942011000200004&lang=pt" 
"S2072-92942011000200003-bol","Frecuencia de Anaplasma marginale (Theiler 1910) y Babesia sp en bovino mestizo Cebú, en el Municipio de Ixiamas provincia Abel Iturralde Departamento de La Paz, Bolivia","Mercado, Alvaro, Loza-Murguía, Manuel, Aliaga, Rodrigo, Cahuana, Jaime","Journal of the Selva Andina Research Society; 2(2); 13-23","Journal of the Selva Andina Research Society","Espanhol","2011","http://www.scielo.org.bo/scielo.php?script=sci_arttext&pid=S2072-92942011000200003&lang=pt" 
"S2072-92942011000200001-bol","Inicio de una Nueva Etapa","Loza-Murguia, Manuel G.","Journal of the Selva Andina Research Society; 2(2); 1-1","Journal of the Selva Andina Research Society","Espanhol","2011","http://www.scielo.org.bo/scielo.php?script=sci_arttext&pid=S2072-92942011000200001&lang=pt" 
"S2072-92942011000200002-bol","Dinámica poblacional de adultos de la mosca boliviana de la fruta Anastrepha sp. (Díptera: Tephritidae) en el Municipio de Coroico, Departamento de La Paz, Bolivia","Gonzáles, Manuel, Loza-Murguía, Manuel, Smeltekop, Hugh, Cuba, Nicanor, Almanza, Juan Carlos, Ruiz, Marin","Journal of the Selva Andina Research Society; 2(2); 2-12","Journal of the Selva Andina Research Society","Espanhol","2011","http://www.scielo.org.bo/scielo.php?script=sci_arttext&pid=S2072-92942011000200002&lang=pt" 
"S1015-87582011000200001-sza","&quot;Give us this day our daily bread&quot;: clergy&#039;s lived religion in Pretoria central areas","Rabe, M, Lombaard, C","Acta Theologica; 31(2); 241-263","Acta Theologica","Inglês","2011","http://www.scielo.org.za/scielo.php?script=sci_arttext&pid=S1015-87582011000200001&lang=pt" 
"S1015-87582011000200003-sza","&quot;Unity that sanctifies diversity&quot;: Cottesloe revisited","Van der Borght, E","Acta Theologica; 31(2); 315-328","Acta Theologica","Inglês","2011","http://www.scielo.org.za/scielo.php?script=sci_arttext&pid=S1015-87582011000200003&lang=pt" 
"S1015-87582011000200004-sza","An assessment of the Myers Briggs Type Indicator from a practical theological perspective","Tucker, A.R.","Acta Theologica; 31(2); 295-314","Acta Theologica","Inglês","2011","http://www.scielo.org.za/scielo.php?script=sci_arttext&pid=S1015-87582011000200004&lang=pt" 
"S1015-87582011000200005-sza","Calvyn oor twyfel","Potgieter, PC","Acta Theologica; 31(2); 201-218","Acta Theologica","Africaner","2011","http://www.scielo.org.za/scielo.php?script=sci_arttext&pid=S1015-87582011000200005&lang=pt" 
"S1015-87582011000200006-sza","Historical narrative and wisdom: Towards preaching Esther &quot;for such a time as this&quot;","Leder, Arie C.","Acta Theologica; 31(2); 135-158","Acta Theologica","Inglês","2011","http://www.scielo.org.za/scielo.php?script=sci_arttext&pid=S1015-87582011000200006&lang=pt" 
"S1015-87582011000200007-sza","Jesus and &quot;the Daniel Code&quot;","Thom, G","Acta Theologica; 31(2); 278-294","Acta Theologica","Inglês","2011","http://www.scielo.org.za/scielo.php?script=sci_arttext&pid=S1015-87582011000200007&lang=pt" 
"S1015-87582011000200008-sza","Marriage, sexuality, and holiness: aspects of marital ethics in the Corpus Paulinum","Zimmermann, R","Acta Theologica; 31(2); 363-393","Acta Theologica","Inglês","2011","http://www.scielo.org.za/scielo.php?script=sci_arttext&pid=S1015-87582011000200008&lang=pt" 
"S1015-87582011000200009-sza","Penteoostalism &amp; schisms in the Reformed church in Zambia 1996-2001: contextual and identity changes","Hendriks, H.J., Soko, L.","Acta Theologica; 31(2); 89-110","Acta Theologica","Inglês","2011","http://www.scielo.org.za/scielo.php?script=sci_arttext&pid=S1015-87582011000200009&lang=pt" 
"S1015-87582011000200010-sza","Power and authority in Matthew&#039;s Gospel","Viljoen, FP","Acta Theologica; 31(2); 329-345","Acta Theologica","Inglês","2011","http://www.scielo.org.za/scielo.php?script=sci_arttext&pid=S1015-87582011000200010&lang=pt" 
"S1015-87582011000200011-sza","Prophets at loggerheads. Accusations of adultery in Jeremiah 23:9-15","Wessels, W","Acta Theologica; 31(2); 336-362","Acta Theologica","Inglês","2011","http://www.scielo.org.za/scielo.php?script=sci_arttext&pid=S1015-87582011000200011&lang=pt" 
"S1015-87582011000200012-sza","Research in theology in the digital age: opportunities and limitations","Neele, AC","Acta Theologica; 31(2); 190-200","Acta Theologica","Inglês","2011","http://www.scielo.org.za/scielo.php?script=sci_arttext&pid=S1015-87582011000200012&lang=pt" 
